-- phpMyAdmin SQL Dump
-- version 5.2.0
-- https://www.phpmyadmin.net/
--
-- Servidor: 127.0.0.1
-- Tiempo de generación: 18-08-2023 a las 20:28:32
-- Versión del servidor: 10.4.24-MariaDB
-- Versión de PHP: 8.1.6

SET SQL_MODE = "NO_AUTO_VALUE_ON_ZERO";
START TRANSACTION;
SET time_zone = "+00:00";


/*!40101 SET @OLD_CHARACTER_SET_CLIENT=@@CHARACTER_SET_CLIENT */;
/*!40101 SET @OLD_CHARACTER_SET_RESULTS=@@CHARACTER_SET_RESULTS */;
/*!40101 SET @OLD_COLLATION_CONNECTION=@@COLLATION_CONNECTION */;
/*!40101 SET NAMES utf8mb4 */;

--
-- Base de datos: `escuelaconde`
--

-- --------------------------------------------------------

--
-- Estructura de tabla para la tabla `administrador`
--

CREATE TABLE `administrador` (
  `id_admin` int(11) NOT NULL,
  `user` varchar(10) NOT NULL,
  `passw` varchar(10) NOT NULL
) ENGINE=InnoDB DEFAULT CHARSET=utf8mb4;

--
-- Volcado de datos para la tabla `administrador`
--

INSERT INTO `administrador` (`id_admin`, `user`, `passw`) VALUES
(1, '1223', '12345');

-- --------------------------------------------------------

--
-- Estructura de tabla para la tabla `alumnos`
--

CREATE TABLE `alumnos` (
  `id_alumnos` int(11) NOT NULL,
  `matricula` varchar(10) NOT NULL,
  `passwd` varchar(10) NOT NULL,
  `nombre` varchar(100) NOT NULL,
  `apellido_p` varchar(100) NOT NULL,
  `apellido_m` varchar(100) NOT NULL,
  `fk_id_grupo` int(11) NOT NULL
) ENGINE=InnoDB DEFAULT CHARSET=utf8mb4;

--
-- Volcado de datos para la tabla `alumnos`
--

INSERT INTO `alumnos` (`id_alumnos`, `matricula`, `passwd`, `nombre`, `apellido_p`, `apellido_m`, `fk_id_grupo`) VALUES
(1, '54321', '1234', 'Ete', 'Sech', 'El pepe', 1),
(2, '9876', '1234', 'Bicho', 'Ronaldo', 'Siuuuuu', 1),
(3, '31201', '91234n', 'Bichi', 'Villegas', 'Vargas', 1),
(4, '0', '12345', 'Guadalupe', 'Vargas', 'Martínez', 1),
(5, '9876', '1234', 'Bicho', 'Ronaldo', 'Siuuuuu', 1),
(6, '31201', '91234n', 'Bichi', 'Villegas', 'Vargas', 1),
(7, '9876', '1234', 'Bicho', 'Ronaldo', 'Siuuuuu', 5),
(8, '31201', '91234n', 'Bichi', 'Villegas', 'Vargas', 5),
(9, '3333', '12345', 'Gerardo', 'Castelan', 'Villegas', 5),
(10, '31201', '91234n', 'Bichi', 'Villegas', 'Vargas', 6),
(11, '9876', '1234', 'Bicho', 'Ronaldo', 'Siuuuuu', 6);

-- --------------------------------------------------------

--
-- Estructura de tabla para la tabla `calificaciones`
--

CREATE TABLE `calificaciones` (
  `id_calificacion` int(11) NOT NULL,
  `fk_id_alumno` int(11) NOT NULL,
  `fk_id_docente` int(11) NOT NULL,
  `fk_id_materia` int(11) NOT NULL,
  `calificacion` float NOT NULL,
  `bloque` varchar(100) NOT NULL
) ENGINE=InnoDB DEFAULT CHARSET=utf8mb4;

--
-- Volcado de datos para la tabla `calificaciones`
--

INSERT INTO `calificaciones` (`id_calificacion`, `fk_id_alumno`, `fk_id_docente`, `fk_id_materia`, `calificacion`, `bloque`) VALUES
(1, 10, 1, 5, 5.75, '1'),
(2, 10, 1, 5, 6.5, '2'),
(3, 10, 1, 5, 6, '3'),
(4, 11, 1, 5, 7, '1'),
(5, 11, 1, 5, 6.5, '3'),
(6, 11, 1, 5, 7, '3'),
(7, 1, 1, 1, 7.3, '1'),
(8, 1, 1, 1, 7, '2'),
(9, 1, 1, 1, 4.9, '3'),
(10, 10, 1, 6, 8.4, '1'),
(11, 10, 1, 6, 5, '2');

-- --------------------------------------------------------

--
-- Estructura de tabla para la tabla `docentes`
--

CREATE TABLE `docentes` (
  `id_docente` int(11) NOT NULL,
  `no_control` varchar(10) NOT NULL,
  `nombre` varchar(100) NOT NULL,
  `apellido_p` varchar(100) NOT NULL,
  `passwd` varchar(10) NOT NULL,
  `foto` longblob NOT NULL,
  `apellido_m` varchar(10) NOT NULL
) ENGINE=InnoDB DEFAULT CHARSET=utf8mb4;

--
-- Volcado de datos para la tabla `docentes`
--

INSERT INTO `docentes` (`id_docente`, `no_control`, `nombre`, `apellido_p`, `passwd`, `foto`, `apellido_m`) VALUES
(1, '2020072', 'Carlos', 'V', '12345', '', 'B');
INSERT INTO `docentes` (`id_docente`, `no_control`, `nombre`, `apellido_p`, `passwd`, `foto`, `apellido_m`) VALUES
(2, '1234567', 'José', 'Pérez', '12345', 0x2f396a2f34414151536b5a4a5267414241514141415141424141442f3277424441416f484277674842676f494341674c43676f4c446867514467304e44683056466845594978386c4a4349664969456d4b7a63764a696b304b5345694d4545784e446b37506a342b4a53354553554d3853446339506a762f3277424441516f4c4377344e44687751454277374b43496f4f7a73374f7a73374f7a73374f7a73374f7a73374f7a73374f7a73374f7a73374f7a73374f7a73374f7a73374f7a73374f7a73374f7a73374f7a73374f7a73374f7a762f7741415243414d67415845444153494141684542417845422f38514148774141415155424151454241514541414141414141414141414543417751464267634943516f4c2f3851417452414141674544417749454177554642415141414146394151494441415152425249684d5545474531466842794a7846444b426b61454949304b78775256533066416b4d324a7967676b4b4668635947526f6c4a69636f4b536f304e5459334f446b3651305246526b644953557054564656575631685a576d4e6b5a575a6e61476c7163335231646e643465587144684957476834694a69704b546c4a57576c35695a6d714b6a704b576d7036697071724b7a744c57327437693575734c44784d584778386a4a79744c54314e585731396a5a32754869342b546c3575666f3665727838765030396662332b506e362f38514148774541417745424151454241514542415141414141414141414543417751464267634943516f4c2f385141745245414167454342415144424163464241514141514a3341414543417845454253457842684a425551646863524d694d6f454946454b526f62484243534d7a55764156596e4c524368596b4e4f456c3852635947526f6d4a7967704b6a55324e7a67354f6b4e4552555a4853456c4b55315256566c64595756706a5a47566d5a326870616e4e3064585a3365486c36676f4f456859614869496d4b6b704f556c5a61586d4a6d616f714f6b7061616e714b6d7173724f3074626133754c6d367773504578636248794d6e4b3074505531646258324e6e613475506b3565626e364f6e7138765030396662332b506e362f396f4144414d424141495241784541507744782b696969714a43696e5252744e4b6b5359334f77555a4941796663316f3347673364747145466b306c755a4a34684b7243596241707a2f45654f31417a4d6f713965615265575635633272522b613971415a5769424b71446a6e5034316475504374374155555432386b6e6d72444b697563777577794132526a385251426955566f366e6f386d6d7777542f41476d4335686e4c424a4953534d71634563675661757643397a625179757435617a53515243615746476265714541357751423348656744456f72646b3849616a487238576a6c34544c4b6e6d4c4943646d336e766a5062485472575050627642647957702b61534f51782f4c7a6b6734346f41696f725a67304b4974354e7a6353785472474a4a4349675569424756424f636b6e49344137393679377133613275476a5a5858422b5865754352324e4145564664527048675738315854457654645132346d424d4b4f43532f7744682b74632f65324e7870397730467a4755645352374842494f5078426f4172305671773658464670787662704a35674656796b4a432b57724568537a4548726a674156577537534649493775306b6437655269754847476a5966776e484234504237304155364b7451616264334e755a346f6779444f4d754157774d6e614363746764635a6f6e30323774726354797842554f4d346345726b5a473441355849365a78514971305555554146464646414252525251415555555541464646464142525252514155555555414646464641425252525141555659737247343143355333746f3937756344734d347a312b67503556484c463552555a7a75514e2b644145644664445a6546684b6d5a3535486b77433056704635705450546332516f50746d6f4e543850477969655747344c434d5a654b654d78534b4f6d63486868376730444d5769744454645067756f5a3769366c6b5347456f75496b444d7a4e6e414753422f436130347644396a50434a59787154495732672b58466b6e4948547a5055675a3936414f636f72636e307652376564594a62692b52334f41336c784f6f50767463316c33746e4c5958636c764b70796a736f6247413243526b65325161414b3946464641676f6f6f6f414b4b4b4b4143744c567451687658734769446757317046432b34592b5a63357837566d3055444e6a566452744c2f5764517634354a34316c77304b37523835474f4735344848763272513148584e4a76684f75626f44554c6d4f613547776675676f4f5176507a484a3971356569674459385158316a6574414c43575551516a5a4662744345574e6672754f346b3954552b732b4a707278336873397356764a436b626e796c5752774641494c64534d6a3172416f6f4137567647646a39746164595a7477756c4b5362526b51466c6431363964792f72584b584d3658477254584375306153546c77324f5642624f6344765657696744704c712f7374537863747144577932374b5667386a633068554142696477796344385035343271334b586570545452535350457a664a356777515054384b715555416472592b4f72545462433374467348752f737144795a5a53465a57787a3250484a475232726c4e52314766553770726d344933735750424f4f53542b4857717446414851527a51474742686532622b5a624a486332302f6d414e744a78794277514e765135363154315736744448396d73316a434e4b5a58386f4e734278674b75376e4135355063316c305541614e68724c324b527162573375504b4c474d796873707547446a42483630582b7376664a496f746265333830715a444547792b305947636b2f70576452514155555555434369696967416f6f6f6f414b4b4b4b414369696967416f6f6f6f414b4b4b4b41436969696741717a59705a764f667430306b5551556b655775347365773976725661696744727244583948734774784572786f6b6b627546547152457973662b2b6d726c7035466b5a4375666c5256503141714b69675a7236527171776c4c53384b50625a2b557a495a4569366b6e59434d6b2b2f536e58743144714e6e4b356e574259442b3474567a747a386f4a414a3442354f41654d566a55554161756b584e7174726332747a63665a2f4e654f524a43685a63727534494850385836567657327236626261654c582b3149474966634745636f2f69552f3363352b5847632f68584755554164507163326c61686552546e574556596776486b794f37593953564754574e712b705071642f4a4d654977372b574d594955757a59502f414830616f3055414646464641676f6f6f6f414b4b4b4b4143696970376d797572525957754948694536655a4758474e792b6f6f41676f6f6f6f414b4b4b4b414c566c706c2f71572f774378576b747835654e2f6c7154747a307a2b527153363050566247417a33576e7a77784b5143376f51426d6f4c4f346e676e58795a7049397a446473596a50506646646c7145593148346d4e7039327a79326b6a674e435849552f75733941665767446a7072433574375343366c6a32525847664b4a595a5944676e48584876566574394c4f436677317174334b72504e617a527877757a6b37464a36446e70574251415555555541464646464142525252514155555555414646464641425252525141555555554146464646414252525251415555555541464657744d30366656745267736259447a5a6d326a5051657050734b6875494a4c57356c74356c3279524f555965684277614149364b4b4b414369696967416f716130744c692f756b74625749797a5348436f7655385a714a30614e3252314b737077564977516141456f6f6f6f414b4b4b754c704e2b326c747169327368733166595a75775038416e69675a546f6f6f6f454646464641425252525142316e676a51374c5544633668647a5175624a64363230684f436575353844376f39762f414e61616c704b36746653586c353472307035582f774274734b4f7741787742584f366471463170563748655763706a6d6a4f515233396a3669724774586c6866336933566c614e616d52415a34736a594a4f2b33304865675a5776725a4c4f386b7434376d4b35564d596c694a4b74786e697139464641676f6f6f6f4156574b4f724471707a576e4e3467765a76454839746752783351594e68464f33675936456e7350576f4e4b3034617066523276326d4f334d6a42564c676e4a4a786741442f436e61647030463879704a65434b53575552526f454c6b6b397a36446e727a394b426c752b38547a336c6863574b574e6c6251334471372b5247564a59484f6335724671654b79754c69376131676a4d73716b3543394f4f707a366539584c6a5162794f355333696a65575177704b347742733344706e4f503861414d79697245466d38733073544b3650456a7379374d6b625153515232366668536e5437734f3665512b364d4b57486f4778742f50492f4f6752576f72512f73532b6a6e696a7562655745534d7967686478424179526a50583271456162656d7a2b32433266794d5a3334375a786e48706e76306f4756614b7336665a6e554e5167744666595a6e4337735a783734715738303451534d6b447979624533796562443552555a413645383961414b4e466134304e4a39677337354a79626c4c5a79564b7147624f43702f694842394f33484e56745130354c5347476547344d3055724f674c526c47444c6a50475478794b414b4e465735394a763761332b30545772704638704c487344304a394166576f6265326d7535316774346d6c6b624f4655636e41796630464145564658354e45314f4b4e3548733541694c764c63454665354871507030716851494b4b4b4b414369696967416f6f6f6f414b6445555756476b51756759466c42787548635a375532696744736271343072544e494f71654837484175454e7330386c77786b7433493547333664434b57356d306138306b3635724f6d6c627137424549687544756e64654759726a436a505773367a38545161626f45466c62574353586954504b5a7077475647504149586f5467446b394b5a712b76327572614a623277734674626d475a6e4a68346a594d506d775034636b44676355444d476969696751567036426f56313467314e4c4b32776f78756b6b49346a58314e5a6c61646872313570656e54326c69336b50634e6d5764443835554468516577362f6e514d39573058776a6f576854524e456f6c7656365379766c383437446f5077466370385472545349726d476546776d70534839354767345a66377a65682f6e584757477033576e616e48714d4c4272694e6977615435736b676a6e3136314464585539376379584e7a4b30733068334f37484a4a70415255555555784258537852584a3841537944584557443752673666786b6e4937396666485469756172595338305165466e7458735a4471706c7974786e674c6e362b6d526a46417a486f6f6f6f45464646464142525252514155555555414646464641425252525142623071376a736457744c75554d59344a6c64676f3549427a78567252722b31734a424f383931424d723562796c444c4b6e4755494a474f6e7631724b6f6f47614e6a6532305539366b7976464265524e486d49426a48387759635a47523875447a304e61593132774562326f33694978777173736c736b687a47434f554a787a75343534726d364b414e75796e61373148564c35324a527261637337414c79796b44494847536653706e316e54794a707762677a584563437448356137553873706e3574334f64764841726e714b414e3633313231696e6d6b5a4a6948765875426744685372444858723877706936725a2b557477664f2b30725a47303872614e6879705864757a36484f4d6461784b4b414c712f5a7248566746754a5a495932775a594474627079565073667a78566a554c32307562653367382b346d2b7a5274746c6b51417945746e62393434414766586e7457565251423041316e543459344967627137676975556c534b3455447945476371446b357a6b6567344656645a314f4f2f67676a467863586373624f57754a30437467347776425041494a2f47736d696744704e5675374b336b75777373736b3131615151737577624541574e69633535507934786763316b3246314259366b30774d6a78424a55553751474f354755456a50754f3955614b414e65333165434a62454d73702b7a326b384c5941355a2f4d786a6e703834724c6c45515a664b5a6d4730456c6c787a6a6b64656d615a52514155555555434369696967416f6f6f6f414b4b4b4b414369696967416f6f6f6f414b4b4b4b414369696967416f6f6f6f414b4b4b4b414369696967416f6f6f6f41686f6f6f7153676f6f6f6f414b4b4b4b414369696967416f6f6f6f414b4b4b4b414369696967416f6f6f6f414b4b4b4b414369696967416f6f6f6f414b4b4b4b414369696967416f6f6f6f414b4b4b4b414369696967416f6f6f6f414b4b4b4b414369696967416f6f6f6f414b4b4b4b414369696967416f6f6f6f414b4b4b4b414369696967416f6f6f6f414b4b4b4b414369696967416f6f6f6f414b4b4b4b414369696967416f6f6f6f414b4b4b4b414369696967416f6f6f6f414b4b4b4b414369696967416f6f6f6f414b4b4b4b414369696967416f6f6f6f414b4b4b4b414369696967416f6f6f6f414b4b4b4b414369696967416f6f6f6f414b4b4b4b414369696967416f6f6f6f414b4b4b4b414369696967416f6f6f6f414b4b4b4b414369696967416f6f6f6f414b4b4b4b414369696967416f6f6f6f414b4b4b4b414369696967416f6f6f6f414b4b4b4b414369696967416f6f6f6f414b4b4b4b414369696967416f6f6f6f414b4b4b4b414369696967416f6f6f6f414b4b4b4b41436970507338763841642f5555665a35663776366967434f6970507338763933396150496c2f752f7251424852556e6b53663366316f3869542b372b74415749364b6b2b7a792f3366316f2b7a792f3366316f43784852556e3265582b372b744c396d6c2f752f714b41735255564a396d6c2f752f714b507338763841642f576764694f6970507338763933396150496b2f752f72514b784852556e3265582b372b74483265582b372b74415749364b6d46724d7877452f55564a2f5a74332f7a792f384148685263646d56614b30342f447571796f4853317944333878663841476e6638497a72482f50702f3545542f41426f455a564661762f434d36782f7a366638416b5266386150384168474e592f774366542f79496e2b4e4147565257742f77692b7366382b6e2f6b56503841476b2f34526a57662b66542f414d69702f6a51426c5556712f7744434d617a2f414d2b6e2f6b56503861502b4558316e2f6e7a2f41504971663430415a564661762f434d61782f7a352f38416b5650386150384168474e592f774366502f794b6e2b4e4147565257722f776a477366382b6638413546542f41426f2f34526a57502b66502f774169702f6a51426c5556712f3841434d61782f77412b6e2f6b56503861502b4559316a2f6e302f77444971663430415a564661763841776a477366382b662f6b56503861502b4559316a2f6e7a2f41504971663430415a564661762f434d61782f7a352f38416b5650386150384168474e5a2f774366502f794b6e2b4e4147565257722f776a477366382b6638413546542f41427165487758346775426d4b777a2f414e7455483961414d4f6974306543764542665a39672b622f72736e2b4e457667727842434d795749556639646f2f2f4149716935584c4c7359564662582f434961357433665968672f3841545a50386159664375736a7261442f76366e2b4e414f456b727447525257314434503132347a35566b47782f30315166317164664158695a686b61626e2f7476482f384146553272626b4a7153756a6e714b36482f68412f457563663263502b2f7744482f7744465548774a346c555a4f6e41442f7276482f77444655686e505556756638495834672f3538502f4930662f78564641465846474b576b70466955596f6f6f4153696c6f416f47464a54694b536741464f7a545253346f4155394b62536d6b6f414b536c4e4a51417446416f6f45537866654661536a4a55566e512f66466163417a4d6f3936544b57783056714e6c756f39716d464d6a47493148745468566f77593455345530553455414761576b706330686851614d30684e49414e4a5252514d4d305a6f6f6f414d303455326c6f4144785355744a5341576c437335776f4a4e574c4b786b764a4d446852314e644262574e76614b4d4b43337161597a4d733949596753546344304e61536c4959384c31487055656f336e6c516b4c39343844464e7372646f3759744b637333504e4276474e6f335a6d334e36364f534f4d6d6f6b382b3647535356465672776d53365a523042726473345244702b534d456969317a727153554971786a58457249685652307170624a6433556f56454a476563316f51784c4e4b37754d726e6a3372563037627632674159364156737252567a793854576e4f66496e6f466c705167554d374574334136566533424d4b5267564e6b4b4d6b344656353245694549774e513964575465795555505552794534504e50654a575442476171576f4b75546d727835464a2b5130323171552f7363667652566e5966576969342b56486864495453306d4b6b3146704b5870525149625468785359706142694872535534306c4143556f6f6f6f414430704453306c414253476c704b42446830704f39414f4b4f3941466933584d67725574454a755642474b6f616551736f596a49725a746e576138425663596f366a65787367595566536e436b37556f716a4155644b55556e616c6f4157696b46464959744a5252514d4b536c707070414c6d6a4e4a6d6a4e417861576d356f7a534164556b4d5454534b696a4a4a7145486d746e54494245676c59664d33536d4e4b35725774756c746271696a6e76537343615657514a756467415055316e5858695054625a69706d444d4f77706a32456142704c3476494356546f4b733345705332647651556c6a716c6e71536b774f436534706d7063577a4b763841467852736271664d306a49736256376d59797677704e6264307638416f5a6a55344f326f72534d4a4176734b7350496a526c63633075594b72636d5a567368574c616575616d6863777a686a3037314b716265314e6b52534b33307365552b626d755358386b73304238736b443237315473486c415a4361306b4369496364717a4c6d3757314c6256473430526c7a4c6c534a715531546d7130337358304255344279545635506c515a4e5a4546307932336e466374364370456e75626846642f6b583071665a74462f576f793252702b6376725257646b2f774236696c7949506276736550476755707042575a336a6a3070707054535543436c416f464c514d51306870314e6f474a696a464c5253454a53476c70445441536969673961424154514f74424e41363041584c57746e536c7a4e6d735732344662326b6a7131537479706643612b6155476f74334e4b4771376d4669624e4c5557366e62754b647773506f706d366a4e4959346d6a4e4e7a53627141485a704b544e4761514330684e4a6d6a4e417863305a707561613869787275593446494365456270426e70314e53336d7551573478753548414172466c31435355744862446b3954564c3747784a65596b6e4e47356f6e796f6d314c78446433593870485a492f62765755642f553535725361326a3873386331413851436e697157684c6479665262365379766f33553845344e643964735a344532645777613834746c4c546f42334972304d534c444441575059556d5848637352777a4c414253374752666d36314d6c79724a6b476f764e334d636a497154524e73626e6374524e794d564f6f414a78304e517941682b4f6c625264306346574b556963452b5267566d33756e53544153782f4d6653746146513051715949416d4b555a4f4d726f7172546a576879794b396e4635466d766d4b4177484e4d4f325a77463643704c68666b35616d72746a6979534d2b6c4e794a564b795336442f4a6a6f714837556e725255335a664c4538636f78696969704e676f78536755744d424d557446464959455a707070314a51416c4a53306870414961513070464a54414b536c704b4145496f48576c6f41356f4174772f6446644270592f635a726e3478386f726f644e347468556453706246334e4b4b626d6c42464d79734f705161627546473952336f75484b79544e476169383942336f3839442f454b4c6c63724a63306c526661492f576b4e7767373058446c5a506d69717a58614433714e723044376f6f75506b5a644e4e79505773393778324848465265664954393430726a396d7a546b6c574e437a48417246757274376c39713532356f7662687967556e72546257504b35376d71524c566937597035532b3571784a47577965314c62523941616d6c584334464d5254534c63324b6a75494f4f4b744b4e726330325a3136554d456944544c5a546678676a6f326137485549387878594841726d64454d626173675931316436776b5a49315048656c61364e34364e454d43755541413450657238554b375144316f67514b674654634c7a516b544f64336f4959396f7a33714b525152774f616d567733424e4b305941427072545979646d74536a484f38524b45483271774c727332414b696e474a4d6a7656432f5a7371463961754b356d52566b6f51756b545856326a74754d6d41703655396d4d305376476371657459462f497153414b33317039687155374d4c654a63726e6d726356474e7a6e684f705771637474456a5a324c52554f5a50536973377336765a4938792b7a54442f6c6d61555773782f674e623230656c4c67656c5a637830657a52672f5a5a732f3673306f73357a2f416133536f704d556377657a526969776e50384e50476e536d7463306c484d782b7a526b2f32644c36696b2f7336623272577a536a70526468794978787073785061704270543435595671555558592b52475a2f5a522f76304453523365744b696c646a354555427055663841654e4c2f414756456535712f52526468796f6f66325646366d7055302b42503463315a6f6f7578387149786278446f67715a483874647138436d48696b7a53485a452f6d736539486d734f3951356f3355425a45706c59393659584f65744e426f504e41575170616d373644534155414f335568664e47787a30552f6c536556494479682f4b67417a514b5a4b3468546332514b712f625a443879776b703630784f535265434632776f7961734330324957656d366266327367436e354839367333736f5559427158635630305974786d5334436a70567948434846566676546b6763565a746d486d68414d6e765771324f5a3673306f455a686b5661454a32302b326a344178566f7074587054475a637365334a37316e546b377130726b2f4d617a72723770496f41625a5365526652795a364d4b376f526952456e4464514b38356a6b2f664b5065752f307079396d716b397153304e4c396a5252675670726b6e7056574b637249593337566355416a494e4d7a6568566563786e4e576f62704a457754697138364b2f5556584d624a7944544379614c6c78744f43434f4b796451755569493579665372596c444b5650427241766f70456d50556a4e4c6d7358546f7170704a6c4b356c453072484f4b324e4967686967336c67485072575a61576f6c75476b595a783046614d4d4e353575424543767654577570632b56506b576c6a5238396637776f7148374c646638386b2f4d30557a486b387a6c36576c6f724136784453476c36306e5367516c4961553068356f41536c365533464f6f414b536c70706f474c6e4e4641347061424453615769676461414446423655344b5734417a567932307136754d45495658314e41584d2f4653783230736d4e69452f68585132326852513461513732712b734b52384b6f483456504d547a484e78364c644e7977436a3371556143352b394a2b56644435624538556f6978317162734f59353836466766367735706f30552f7744505374396c375645793761563246325a6161496e566d4a717a46706476487a737a56754e7754552f424646324679757345592b3747507970356954484b44387173527036564a3557615a4e7a4e6b7362615559654a542b465248546264563272476f48706974566f7168644d4767567a6e627a7731444f322b46764c663272506d30765572515a4945716a303572724477616a61654e443837726a33707154453063556270512b486a3874753953574c42727748634f545851366a62365064526b744c47722b78726b355978424f664b6c424150427a5730544a7578323175506b465375654f613553793179347438435169525257676645635439497a563259755a45313347642b523072506e6a4f776e46616476634c64727555412b33656d336c764c354c483750494142317878525a687a4a6e4f776a4d36353662713779305952784a745047425841387049543731713232747a71716f56794251615169356149376262464b4e35346231714f533445484272435457574e747a4765616d6875767445594a794437304c553649304861374c307570497732673830734e307a345472564b4f33426b7965676f6d6e454a7847764e4e684f4d59713169394b6d303767615552784d75393033476f6f466b654d4677636d72304549474d302b585335777571314c6c526a585354785076564d49446e675670574770724a4742496d4d634531656d686a6c6a387475394e6a302b474b4c616f7154647a6a4b466d745354375662656f6f714c37484637666e52515a637077744e7a7a52526e46596e594b4f4b5130413055414a5355366b6f474a525355453041424f4b4f314e484a71314262504b5146556d6935445a58475430556d67376c34494e583778344e4f69416b7835684843314a706f6a6e4b764b6e30705849356d556f39487637356377714558314e54322f684c55524d4e386f432b6f4f6137437a526475464848745674706f4952383869672b35717454506d647a4d734e47677359775841642b3549717932416341414432706b2b7057677a2f704d66482b31564354584e505538334b4836476f64797239792f6a63616b574d656c5962654b744d6a344d6a4836436d2f384a6a614d647345556b6a656d4b464669636b6444734146527669734676456d6f536e454f6c534833494e52507147757a6664746c6a2b707075494b527479455971426a574b594e656e507a7a78714436476d6e5272325566766239682f7531484b753561623747754a496b507a4f6f2b707035314f7869487a584d6635316a70346651742b39754a482b7071394234653035655443575071574e487567376b6a654a644e6836794676384164476169627858472f774478373273736e7038746155656d3255474e74756e48714d314933326546432f6c6f6f55636e614b705749647a4666584e566d7a35656c73672f764e6d7361393852616b6a6c433671665265616c317278484a6373304671646b514f43773731672b63674f53636b397a57716951325758314f2f6d2b2f4b6348384b693832512f656b592f6a55506e413062716f4358766b6b6d686c474f6c5269544e4f4455304a6f5656556e427135396b78676f4d69714a363546586253636e43732b4b31697a47614f68384e327a72634176466c66705735726d70706232506c694568324842323843756173395a466e4d41446b41647539543668716158646d786e624a2f6878576c72737775306a43754a6b6d596c6c4376366763476f344856573571435677656c516d5a6c507237566c4f4b4f3744314f52335a7343385563415a465478366d5134565535724b6a7555432f4d41445637546f6a504e6b4c774b684b78327a7843746f644a5a536877504d50507056385351727a734834697164726270456d5a434161734f714e4867486b304e366e487a546b7276636331794a52694d6734394b4338714c75476166615730555936354e576e524e75414d5a71746e6f6332725771314b7364345762353673533351456530392b394e68676a424f34696e793279534c67476f6c354739485a4f534b6e6d702f6550353055372b7a7a2f656f72505537656142786f474b475849703744696d314945654b576878785150753041414e46494b4f3941684453716862703070516f436c334f3152363151754e544f536b512b5564364c4d6d556b692b5a594c666c794361653276433274794c5a4e7a6e6748485373466d65516c6e593470786b49586a6971564f35684b7032466470376d34383634624a7a6b676d723661704f7546672b584841724e57556b344e587252426e643172586c526c646c34334f6f534a383932792b79385641776b62373978493539324e5064365a6e417a554e6c4a4562526f716b5a626e726c6a55486b78656e36303657546e696f476b774f74413945532b524233583961514c48473259324b4564776171764f6535714a70695431717243756a6f62547842663265427645305937486731304e6a7263476f6a436e62494f714872584252536e3171645a6d6a6b57574a74726a6e493731456f33476d64385847547a5457636756674c72385974424b2f337a786a33716f2b73587434356a67544b2b7659666a574b677a586d523033326855507a734239617477336c7346475a302f77432b71346f3274367a447a5a3975665135785667615977544a76472f4b6e797858554c796651374353386949477952577a364775643853366f3278624f4a73462b5749394b7762707037516834353262623731546c76704c6d557979484c45597134783175524a3947506c594b7542564a6e7a53537a6b3856584c6e31725647525a5751673149736e76564d4e67302f7a4f4f744d433576474b656b674e55424961656b704270574c544e454e78544e374b3342714e48794b567a785454734a71354b7375446e4e535063737968536170626a53715354563878484b546c386d6d4e686d554876517878544f5778536275576b6b44685163445046626d67797965564942786a474b743662345953654e5a5a6e4a4247635665585452613553474c61702f476f6b37485268557079754e45306f36456d726474634f54382f3631457474495034616b534269774234465a4870754d4c614768444d4134494f615757354c686a67354270496d746f464f334a66485569715a754a6d596a736661686e50476d6e4b36524b4c35554f53446d7059376f79444b6b31524d4a6b594372306475455141556a5763596f6435302f3841666f6f38732b744650557a393373636f5438744e7a5468307074497745626b5569486a464b61614f744143643663536b616d527a685254484f446b31516e75664f66706d4f506b6a4f4d3030726d633557517938765a4c673436494f6746566c4754554d6b7965596577374472562b4f33325268794d35476130534f6135476f7a6b6b634c5463683278567557485a61714f35354e56596f7a356f7a577472497a3572736a7874617231752b41414456613451496335715333364131444c534c7a4d6539517a5334576b5a2f6c34716c504e7a6a4e526135593570523631435a6c7a565a35636d6f6939576c5968736d6b6b394b6933307a646d6d3570694a306c49505772437a6364616f6730384e53417468736b726a4f37703756715764344973497654465930624578756637745332726e4f65616953755842324e3653363341484e4f6135506c344237566c6c2f33667653704e7a7a30724c6c4e75595361566d4a4a35465a6a74683241365a712f4e67412f57733262687a37317045796b78704f615a526d6b7a57686d4c6d6c7a546330756141464270367455597065394d4331444a67347a566b2f4d4f4b6f4c78563246736a465459744451526e4653414155313132766d6c445a474b5957446c6d78553063653530514471514b574f5041366331633036334d2b7052494f647033476d4b3132646139344c47306956526c746f2f6c5548397176495275554252314656706c4d6b68424f6348696c454b454142734539617762756574536f776a45765258694d3550525256744a6c595a326971317259777978736f664c39716d53796d586a665145755861355945696e716f2f4b7049316a6b634b56484e4d5333774143636d7230466d452b59303059546d6f6f694e6a4231556b477145676d696c4b4c6c767772584b7275774361587963484f4b646a4b465a782b4c557873335039302f6c52577a3566745252796d6e316c646a7a304e6d6c363031523875615464696f454f714d6e6d6e35714a7a67304151587332324c61447961704b41734c4431464f764844506a3071454e6b5946614a484c4e335a6230585230314a3548412f3159795154327039316365554a45527733796c6362617178764a62426a4649306534594f30347a524842357362534f7879527839613054534d755673315a595038415156633953425762747739617478634b396c476747416f78575337414e576b6a4b4248506c32703852784742544364315052634c574c4f6843764a684457624c4a6b6d7230677968465a3771636d68435a457870754b636154745645434559704b55347a78534767417a536730326c6f4173514e386b675066465477746a675642424557353643724977434651666a5361754e4f7849584a464e5a6a36306a7943495a4e436b53523768337057512b5a686b74373157754938344937565a41774d2b6c51724b4a484b67644b4c437555794344794b4b754f4650797342554477376556354641455646464c5441423170523170414b656f6f474f577256765665724549346f476961626b5a6f676a7a7961585957716446326968464477416f7961336644746d77686d76434f574745724674345775376c49452f69504a3942586357787437573353454d4146474b546148464f39306a4b6b566f2b5742424e4a47413355316475704962693477572b56527856614f504c664b4365654b795059684b3864537a616f797944596563317571417941734f653955374731326a632f3371756b45644b4469717a5570614664512f6e467577364372697a74774d5645467a53394f314d69566d537578786b63476e7753462f6c62714b574a417733477042456f62634f4b7049776b31734c6755553762373056526e633879583070724368543831446e72574a326a6331477835705165314b772b5767526d58735a5679324f4456455345486a6b3174736f595949794b6a454559504344387174534d6e5475797042627954414e4a777458696f564e6f48464b7658697055684c6e4a465332576f70496f42324e753066644456644661526a562b2b747a62754a6c4879747731454d4b686339633173705852794f504b3746654f334f636e7054794d63565a5959586756585938306d4e454a3634716e4e475178394b75487230706b715a476145444d32514450464d4e545378344e524547714a734d704b5569696b416c5432304f383562674369474944353336656c53744c6b6344416f416b5a674f4634464f69584a7a5659507a5567593969525141743441552b6c4a5a45374344774f314f4d473564784a61704978686341594e4d51456a593156625652353533484657593077726b6e7655526833766e6b653941424c6a636355526a49494e4d5a4e72594a4a2b744f44436b4d676d6a324d546a696d56647948474455447759354853674349444e53714d55526a7455684270464961427a567145635641695a4e58596b41464d5a49677854384d37434f4d626e626f42543462616535634c47683537313056686f38646d6d396d44534871616c744961314b4e6e703732533732507a6e7166537271626a7961735048766c556465617550617771457a314a364476576535325561696a6f7a504b6436763243596a79525538756e376c444c78546f3045614252774b44655656546a5a46324356534170344e57696e465a714f41345076576d6a5a41716b6346526372477167484e53694e534f525163476c5771735a637a4650794c774d30492b37745367305a6f4a59754b4b54645254413876513535707a6d6f595777534b6b626c7661735474476a3170335661612f416f6a62496f41697a6873476c786b38556b792f4e6b5665746266674d77356f415a42614867734f617572446a7455714c3756494671526c57613357614a6f334842724a614757776d38695948616555627352572b514d31714e706c74712b6c69475441634435574856545677646a4771744c6e474f442b46566e427a563239744c6a53357a42637153763841444a6a67315762423542794b324f63676b4241706735484e54754d696f77744179724e474456566b4f61757971516167493470415669754b574f4c7a4736644b652b4d347135464573555754795456456c5638446755785633646a557a726b6b347036713342787448714b5145663266474350536c387246574e70596b673042446967424932326a474b654175345a47445442312b6c4c35754f744d516d426869663731526d58432f4b4b554f43725a396143464a6f417273704a7a536866577079414b42317044494e68375649696b3845564d51704149786b3973557a4f4f6f356f474357736b68506c726e46544c703977662b57644f74702f4b6b4444745854517a527a515a4147534b68746f704935324454705a4777634c57355a364a45713735573345564c623234615870576a49676a514148464c6d5a584b6874764545473146436a32717874646a6a72394b67696b4b4e745663357252695843354977616b5a6e796f3653674c6e4e584e506761575579506b68656d616e6767337974495278562b4b4e55474647425455545432746f3252444e4941705564617175705a534b75584557427546516759464e6c30724a614765753558344e616b5679717841377334465a3834473439716a52506d4233633536564a3153707161314c53617668794370497a78576a625861334337674d566a66325a4f3832516d46504f61753758735931574d62736e6d6d6d7a6e717770327448633079783235413572496d315734535967414141394d566f656152467549357830726e626951744f3745455a5051315459734e54556d2b5a476a2f41477850364c2b56465a586d5555726e62395868324f5a7a746d71647545794b683235664a703462636846536351704f364f6f6f3277324b574e737152543757316153586366756967437a42622b5a686d48307251524d5552785941715a567147376749425330703470704e4942723944576c6f6b68444d6e465a626d6f56754a4c65595047784744565265704d6c64485733316c4465776d4f614d4f703961354455764373747553396b354b6633474e6466593358326d32562b353630747a48755774626e4b7a7a53574335684f3257466766626d6f7432302f4d4350714b376d574d524d51334b6e3171413256704f637441682f436e7a42796e4553454d654b686b6a596a67563238396a5a6f7546746f77782f32656c596c3741694e7456515058416f5568574d474b31334f43334e54536f5165446d7259565132414f6c567074322b6e63426b616a47473442715843342b51394f31522f4d3541786756596a525658414f545441574f494f75547855636d31446e4f4d55545853777868514f616f6b795844636e696d5353537a68656c566d6b646a304e58596256464f57352b745764735147634367444b69535352396f427a3730356a4c4732316830394b304d706d6f334b3534464943714a6765744f44696b6c6a55394b68415a443755464974726b3075522f486e507455615078546d3663476b4134486d72316e6479526b4c6e4b2b6c5a777a566d4437776f5a534f743079514f4f6672556c314b5a4a6769633157676c574779554563734f4b746162614e484a357a2f4e6e394b67707376574e71792f4d2f4e5772703168674a364770346c42586971476f75736b717741355055304651584e4b78477570474b4d42426b393831666731534977427044687653734f534978735231715262575967485a3170585a364c6f556e464853635845495a447761715352794c6b4163315574627561316a4d544c303961305a7067385368534e7a436e7563334a4b6e4b335179334a5a6a6e7255747167615a63343630736c7049707a696d52524f306747435065704f7079546a6f7a6f427449774b67754371444e56566d467445534833736171535863726b6b6d717563556144624a7a4f77623271707163516b6945796a7031706f6e4a5941397a55756f376f6f30555932734f616d35756f4f453159787330564a7458304e464b3533334f656b794f6e536f672b44553251774e4d6974326c6c32715071615a355936316961575567644f39624d4d515251414b5a62323678494142566b446a4e5132413443696b7a53453067464a714d6d6c5931475451414d6167635a71556d6f32706f446430462f38415253763930394b32426831785746346463626e556d74396f39767a43746f37484a5034696e6332697970676a6d7365595332546b415a4861756a33413847714d38496b4c456a507051304a4d7a7a695732795076487161352f5579456241484e6173737a32633737767548394b7a4e55437a494a564e43517a4a4a4763397a556368425057676e6a4e524f777856434867673062764c557455516b41366e705555317a76554b6f70674e5a5450496341314b694242696c74686b41452f6855757a5a6b6d6d534d425969686d7775346e67306a796a61523631424a4942476f424f5251496435324f61593032343078426b4573314a38765555444a53326163735a5a63347950616d6f6a486e4853724d59614c6876756e76556a4b6777484935703449464d6d4a4d6849356f5130786b6f71654867314374577257457979414367614f6773674c6b49475041466442614a356168574f63394b79644c746c43425a4635726568685841375971524e6b702f6452354853735553655a66733547613172747a48476347716c72597358456d5141546e46537a656c4a4a335a4e456b627438365a71354a4876516252774f6d4b694157476635674e70713948674467635530687a6e733055336733386261712b5730456f62304e62584870554d31756b714559776154694f46666f7a4f754c7a7a414d4c6a486570626163736838776a4f4f4b6a657a326e42343936574b48446254556e52376e4c5a423549596e50656f5a6f764c5074546d6e614f544235464a4a634b7938446b30476b564a465269413358765333457a58447141636744464e4d65577a53394f67704737533347665a326f70325437305544757a6c6256486c664148487257764262694e6542546f4c64495632714f4b7367564c647a7a686f536e5570343470724770415130776d6a4e4d5a714141734b59547a5457616d377159447330782b6c4c6d6d4f654b6141312f4478587a6d47666d7271564735635677576d7a5044667179676e3172757257555352687331744859356169314753784e32714667465842474b76455a4e5279784c4975434b71786d59462f5a4c636f7849344853735754544a52455648495072585658454c4a39336b4771726f712f65484a7046493443386765457370422b57715233353656322b70616248636f536d413370584e7a5770684f786b77633030784e474d2b346d68553961767643703656576443703448464d517354684650725535634f70787a56544271654559556a76514168566348696f4741554d7048577079634555795251796c7338696743465144774b6b4d4b44424236303249375363436e37434d4e314270444a59314b34592b6e536b6b754d6e43696e686771636a6b6a474b685542584f42514d69626b6e31704552693154694d734d39716d68747a6a705146694a49324662326b577543475964617132397476497a363831306c68626856586a474b4c67583761454b76796a42713747476a35363148434b6e5a6847684a70415572715553794c4776726b3163684156414f315a534f4a6273754278576d6e4b593747675a59324c49754747616c5562526764717a42657444636555514e7561767879704a39303578516d564f456b76496e4270736877744b44536b416a6d686b4c63674944646157514b5634486167347a7853632b6c5a6d397a4c6e69594e30717667394b324a5658487a436f4667694c35496f4f79466254556f7247376b41437250324c7934537a386d6e5063694b54455947305662444c4e4544324e4955366b6c5a39444c3873663368525768396d6a394b4b426532526741556f3470616178724d79455a716a4c596f5a71685a7141484d337055544e534d347855573750656d41356a53413855336453626851424b447854485941556866413631474d7a537167376e6d6d68477a70467370684d70487a4876577861796d33664250423756557449396b5155446a46585669566772646661744563306e646c7462364c4f476261666570316c56683870422f477339345563465747516574517259764353595a6d543271376b574e467a6c7172334561734f6c516562634c393964324f34704875437777614c6859727a5759666c47494e5a313162787575325665523372512b306c58494c635658754a5650586d67647a6e3772544f43596950577332614167426359506575686c47506d58503071704c48484c777937573961517a6e6e51727837314c47324430353961757a36636553707a5766496a4932434d5530785748536f47554564685554592b3753467a54437a557742564f376972436e6a7230714145396163474e494c4572453778774453724475663271533267655a756e4658477478414e7a45452b6c41374659524b6e4657497778345661574b4c7a477a6974434749494f42514446744943434352577a624d41514b715171414d3471396278676e4e416a516977425666554c6b7045516e5539366d7946546e69735055704a486c4147646f394b545a5559335a62732f553954576e43324f4b7837615461674c48474b30597041514344516d57347445476f4b566e33646a556d6e534d6b6f7a6e44565a64456c5835786e464378716f414134465139476443714a302b566d6772552f634456454f324f7452746374484d6f366a765663787a716b32394336514d6b6b34464e4d68412b5531516d7641344955344f616662334b37636b6343704e765a537463734b724f6373616a6d674c444b746a4653704b72727548464b57416f5a4b62544d6b413774754f61303755465951434d55766c513873635a4e51724b397544387535614c47733538367369355256542b31462f353547696e6f5a636b2b786974556248696e76554474697353786a745544745470487175576f41556d6d357075376d6d6c71594479314e4c4164616a4c3446524e4958594b764a4e4d567962635a474372314e624f6e3657457849334a714c53394b49784a494d73656c627952465641786967796b786f4256654255717937427a545733494d347146704d3834474b704d7a7357524c382b427a6d704e7a6b674145565874335464776561742b5976706972544a73504142484e524e41724d53425374496f4f47594130714f7566765a706755626d3241556e465a306946526731757a6a3543635a724e6c474f713961414d374166673078725653656c58475461637142557365317651476d426953573869453442783731536d695755454d6f445631457475474853733962444e305352774b6b6f357958544a4554666a69716e6c5a4f4d56325633436f58614f3955467334632f64464f3472484e4e4867347856684c58436832485775676c73625a454c7341546a7056574f334d7077527832464678324b63624f67776f785571524e4c793261306f7241597869727364674267346f48597a594c6241365663697438644142396176693152426b696d6b676e614251534a48486759357a37566367515238314448472b65324b744b6878544378484d7a45454c6d7336564e306d436561314a5549556b566b4f4d7a3953446d6f5a7454334758414b7274485530513355735731663452576d746b747a4543446731424e7037783550554370737a746a4b6e4a63724c6c76634c4b6e4271794278585049377779626c7a7857785a33596c546e673153314f657053634e567357366362634f4d34357855696257465367597038707a756f31735a625742427a6e427a513175514f4f746154726b5a714846533159336a57624b69626f78737a557538714d47706c6a47636d6d797835356f47354a7369445a70517848656f2b394b44786730783248626f2f37776f70766c723655554430376d544a565751315a6b5046564a534d5669535670477141747a5470583571457454454f4a706a75414b59386f5564616b737243625548474f45376d6e596c7372356b6e6352784b574a394b364453644538764573344266307252734e4667746c4746793372576d6b515448464f786d3545635551546f4b6c786d6e3761544f4b61524e794b515a342f6e564b63784449335971394a676a4a3446565a5956624f4d5a70694b5263493259367551544d34414a47617033467179445042464a415444494333705451476e4a475847636d69486347362f6e5248634c4a6a4978556f6a4162637651396170456b6a484971744b6d385a4b45597177472f68616d7475423952514979325171436474524b337a5a7a67317079786b6f646f724a7546614a68747a514d744c4f4747474f4b426a64754234724d6163712b477a566d476474342f7530444c45304f374a36316e7a4b79456242577035794d4d5a7143516f54314641376d62354c752b3571735251684736646165386b61446d717258557245694f4d386444514b356f6f455872696e47356a42774f6f716a623238306733544d6655564d496b44636e416f48636d576379314e476f59394b726f6d7a6f4f44337137424777494a6f4579654f4d4770746f464b6963564663536d4a4361424665386c43496347714d55666d484f4d31494a34356a2b387a6a4e583459344930446767443171647a70696e426243576953526e425869707278436263737655564a453653444b7343506170485150475639525657304d2b5a3831325a73567062334d6563596276547a59434d676f534d656c4c396d6c746c4c522b764e58452b654d4e676a5072535270556b31716e6f51517946654736316252676172795244714f744e696b776347714f6471356449794b6864434f525571746e76536b63554e58456e5a6c666b556f35707a4a6e7054536a416356466a565352424b456a50546b307157346c5872696f35345a4755746a4f4f616b7472676d4d45315559746a715656424c58556b2b7a4e2f666f71547a6c6f712b55773974356e4c794e78564764367353766756516d65755537534752717279544252537a7942526e4e4c59574d6c354b4859664c6d7152445a4c70326e53333067647869502b64646c70396b6c76474171696f624378574a41414d5972555263644b61314d5a4d5544464f48576a4250616c432b7456596b4d557546373037464e6241716b69626a5a4e70474d5658654d47704a447855594a49794f665555574335486b48676a6971303176754a4b646174357a6e6a6b55304f674f4f394964796c4649514e7367786972304d3242327856613869426a4a48365651676e4d5037747a2b644f7747384756756330633539366f323834646653726b636859594e41687842783932713873516b586b56624463644b6a643148336878363041596478616b6c686a465232735a6a35595a7a577850467647526731514b6d4e7a7546417868674568334134493756424c452b4f44566f4f70423546524e4a7751425142556c444e67444e5772574e6c6a4a4b344e4f67685a6c4c507a56785532706b554155566e5a5351525539764835704a664850616d464e7a5a785671434c64696d4d6d6969433859347131484878774b52497a55796a46424c596a664b745a397a4a35674b347137635368464f616f7132386e4e53796f6b4e76624c4b43693952544c693064454a4568774f32616c684a6775392f61744b57424a514a4f314b783151724e4f78685731354c61736344495059316f5732725a4f4a523150616d6168614c734478706b2b315a336c762f644e5059362b576e5656326a716b4964636a6b476e62526a41724f3032346371456c504f4f4b306867394b70486d56494f4572476465656447784b486a74575a4a635468747a5a42466447564237565375596c79547446544a47314b61326149374f374571446e6e30712b47425775646562797073786a487456364c556f3241556e4250464359716c467033527042686e4644534148465241354649614c6d584b686c7864694867715370485556537370673564635935794256325749535246543372486938794739325631556d6e466f3872474b634a7158513138555533645254497563724b31555a6a7761745447714679324678334e656366514d686969613775414d6649445856615a61496f41417869737a534c556e48484664546177716963444656314d477965474d41635661564d446d6f347836564d6367636d72526d785171343631473241633070596a714b5958794b7351686b41706a456e76545850723071506556344a7a51412f484e4d6b62484f50797032636967416e714f4b42454c6e6375656a657451456c54754e573254485870554c78456767636967594b367570465a743742744a6b5870553762346d347a6755726c5a3479473630444b31744d55776634613045664a444b3334566e4d6748796a6a465069637249426e49394b5147736b357a6a72547a746454565564694b6d6a59644361424465564f42544a5644723047617346516169614d7163395251426c5332374978616d6f68494846617a7842303952564e6f2f4c3441794b5178795262552b744e473573726e4137314c35674d58427170356d5a647659557845364c2b3841485156627430494e567259626754562b466542544335595563556b68324957394b5863414b71585532455a66576b7849717463656449632f643659703861414371734d524c3548725678554b696b57493865656174577a6b4a736270327145456a676a696e4e496b613769324b4579306d4a4d7844647750536f6741334e58554d6431434848617139796d77355254534f6d457568473231555a7634674d41314646657a524441626a33714357527a7733537135596730726e56476b6d745464743954526869583554556b6a4c4975516367316772494d633163743735516e6c795a7832496f755a5477365773534f654c39353871676a4e5133467359397369315965565475786e6e70514c68436d795155696d704a466d7a756c6d6a436b2f4d4f31577857484956676b575746756e555671573979747848754235376971334f5770446c315778627867566b3363547063435a526e485774574e32494149714b554b7a4841726f702b367a7938542b386a597a2f414c61503772666c52567679782f64483555567464646a68355a397a6b4a5456456a7a626f4c314171354c337150546b3832636e4865764e5239424a6e51615a6237597754577a47427867565174564b52674467316351686553325454526b793348676668556f4962766d717179656c503837734431397174454d6b6362527a55446b45633855386e2b38784a394b5a77315549684f54774453594f4d564b553238696b436c736d6d4d5241514d4e2b644f7a7439364d35474b6170494f4451534c49435679763555524864317151664d6e306f564150786f416159466b4a794b686530514849485372514a42704777546967444f657a444449485059315757315a6e4b4e31423449725a3238415658654d713578314e41376a4934694534366967626c50493471306b59534c4a706f6a7a2b4e41694945673546504c5a584e4d6c51776e4f63696d4c4d44306f47505844636f634830706b6935366967674b323448416f6475634e537349707a376f77534238766571596d695a766c4e616b7971554a3756677a32306a542f756c326a31704646786451574a6542563244555156795269736f32444b63357a396164356271446e4c66537145624276636a49352b6c4d6c35586554697155663775504a4750616d764d397775775a41504e534d765733504e57756f71725a495669326e6b697266515541494f754b476852786c686d6b6a6b5176747a7a5577344e4a6d3858597a594a586775664c4a4b6f57357262434b7938386769717874595a6e3334354657592f6c2b51394b6151565a715777325378676c354b316e33476b4d4d6d4d35397132463944536e705657524d4b3834374d3575537a4d492b6672365645467932414b316455796475465031724f724e6e7055716a6e47374a594c567073376531515349515370366972756d2b614a6a7435553961755457456245746e4872543564444f56626c6e5a6e50734d63552b324c5253686c626a754b305a394e4255736a6364717a70595a4c5937754b566d567a786d724a6d3562792b596d51616d45493635726e72432b614b6259352b556e725851527968686b4774597338797452355a61692b543730552f4e4656646e50374f4a35394f647173616e3069456b377a363155756a386848725776705552574e654d4475613554746b6245414a41417166417a696d5148504f4d4370654d5a46426d534a674c74417036727a6b6466576f56566d347131477546354e556d4a67452b5846426a556444517a67644b6275717952474237557771657877616b3363557a4e5541415a4a39616a666875616475494f615a4a49474f4f2b4b42433779754d656f71556b34794b724b636e4a37564a472b39735a344641695657476670537152754e5262686b67476c445950316f416567506631707234336e46415962735579596b5941366b30774a73676744307079727a6b3157563972426539544c49536141435546787437665371456b4c51766b6372576d546a696f5a554c6a476151466662766a344e517178424b6b644b563265475848515532586677364565346f414a53476a494655596d42593539616e75572f646c75324f315a304c376c4a424f633471536b617637724747595a465268557a78672f53717957385a4f35354d7365774e543443384c7854415a4c4945424a584e4d746758626542774b6b6b5463764850465357794649774479547851426174683870395455736f2f63746a714b49526a507054704d625451434d794764576e42626767383172446d7342766c766a6a706e4e586d765733626c34436a70527933324f6c7233626d7446685439616c5a654d697564545537674538672f685733703978397074675736393630644f554671656644457772537445736f32346534715148497142766b624936564943434d69704e684a49316b55717779445765326d6b5334484b47744d63307070574c68566c445971576c6e396e5a6d4a795430714f367678475369726b3165504e5a576f7447483271767a647a5365694e715439705033694f356b6d4d436e377566537336514f334c4d5456785a58623543647770747842355144446f3154304f32436a46324d3051504a4c7455484a394b324c5179776675354f63644454745067554b5878796173756d5256574f537657556d34692b6252555778714b5a793648437a6e4c71506575673035584d61354278574447686e766f30375a727262614c596f3971774e70626c6c4677414d564b4f4230785446424a7a54747050584e496b5545353638564b736d4f445551512b744f425850584e5769575448427070496f446a465273347169527834357070594565394d6154464d336a4f4b6f42476e434e745055306749786b39365a4e48756d446a6f42516f3366674b42437133424e4f6763466d48705341414c6755324a676d37314e4d435145676d67534579555a33412b744d5537454a61674356574f346d6b387a6333544e5252667653546e4330356e43734551594641695541427339574e5362676e50656f69416779657449574f4e32654f3141466c546e6a50576e39734c796171724c6b3450417130682b55554156726d506568794d6e32716e47687a7350466170414a34474b72545770666c4f445142544e715135796371617a70375a6261516b413753633961313854494d4d75617258554a6d516c786a48616b78706c614952734d68635a37314f49736a43676b2b7452776f7167644342563943754f422b56417941516c54696e71717151616b49474f6c5246775a436f6f45575647414b624b3246394b4e78474b5a4d647963646147556a476d6343596b56496a626c77616a7534325354646a67302b504255487056524f366e5a784c4545567178326b6e65656c5762514f68594978474b723263614336444d4d35366531547378686b5967384530707975595561507335533057704f3830367152754271356154426c414a35724e453645354e4c474373367447334250536f544e70306b30625763554f53426b56456b6f4977547a514a686a4657326353697954666c654f745a56374f322f447867456436765a714b3568575a647a444a4137564e376e525374475770555334684f306b6257486356636c67463069386a4874574c4b75312b426970344e516b69437154774b4564465769354b38476263634152514232714f342f64787334556b6a734b6c74356c6d694472304e4f6550654f61305235636c4a58376d4a2f6145332f41443774525774396e464661586a324f626b712f7a4845614e455a4c77734f67485846645245753059366d736e514c5572622b5a2f654f61334d4143754539466967553750465247546e4170575047545451674a7a55653442716a6c6d78774b626e504f616f6b7342754d356f5a69567a6e4e56476e4338467677706f6b443547374874564956695a3232386738554d63674d4b7179533442796330517a4578444a363151693237386a36556b5a327479615a6b4b426e37336168506d6368656655304348475142694b5145443854537371695144715252744162696743534a7349633954535359323838556d63486a7454584259426a30394b41486f4e71632f68534435666d504c48705373787750616d71784a3570674b7a5a494250413630736a46735934464e77752f6c73436e79747658617643447251416b54676e4a3664717649774b2b315a3857476b48485372652f35667051496b336748476561504d4e56317a757a5575636a416f415235546d716b726d52746f364770584a4a774b6a4359636b30444957745341647070717879783862717670532b574d30724263703770434d45394b687930626875704a35725165465255426a3363656c4d4c68484b57366a696e635a6f43594653496f5945343570444b6c354147694a716841437a65574f5457724f79344b754b7a42694b34444963633072324f696c4f7864746f32647346534d635a6f6b552f4d7036564b6c31356135786d6c4f793442436e6b314c4e755a33757a4b3877784f564934712f616f5877344e56726930634d537736556c704f304a77656c4936572b614f68734e6b41594f44536b6b4b434f616853345354417a7a5536674559464d34326d7479534e7849634472557754436e69716f7843345a656736315a6164416749626b6a6972676a6e72506c52563249376650474f754f6c4e75644c69655064483870705178664a4937314d57634941656c624f4b5a795573564f4f7479505446654654472f774346614656595142686961746a6d706173612b306452387a45785253346f704159316e47496f46565269707943526a705352345163306a537275326a6b31796d344663444e524f784179616b4d69453753636d6d735559347830706f43757a674c755966685657575973506c34716564636a6b3446564a51784756465549594a7472454663743271594b524554304a71756b5a647575434b7457354c4e7363483071675a58644736676b307473775a74704f4174575855493233746d6d433258646b486730795234646d4a596a6a6f4b636b2f6c357a54536d426a646756586b5669634167696d4975784e6b6b395361663931537a486b314441536963637454334a49352f4767514277446e7565314f562f4e6c786e3556714c6f44366d6841555841373041575334494a484946526c7946343450632b6c4f2b36754f68394b6a6d415941413448705149525344394f3550657057664b3441343756454543674539756771546433505767593650434447666d4e53716532654b7271446e4a484e574977414d6d67415a6944365539474a5846526b42327a6d6e68674f6e5155414446513250536f6d4f377054324f5166576d6f44747a3655414f513867477064334f4b6850484e4f4c59785445536e6e6d6d52726b6d6c55385552667855414b55476151446161666b56435a506e78514246636a634d6b5a724c4f31356130357a6b597250386b4358497147617865706169474269705655427367594e435234555a70534d556a7257714c5a6a5752414777525545747047774f46416f696d4b64655255776c56317a3070364d77664e463647555970495834365665686c796f356f38324f575178347952544371787631786e705373624f546173797741584e56726d4b574d68347953423271306e465363507856526254756a4370474d3438724b74706542704e6b7146573756666c42626852785553524a3567334b4d6a7561754b4d437475652b7077716a794c6c627556646a6f6f4a7131432b3565547a55636a647149427961567a525537616f735a6f6f7a52514d77354a76656f6a4954794b48425874554a6274584564524c464c747a3739366675342b57716f4a4935344650523977494249393661457853437877546b657451695865686247426e474b736f41784148516461676c6a326b486f7461497a597a5a386d346463314a464a736b424a78546c77366b4474545247484255395256435a596e547a454472317173736d39534d3449717a4547386f7161714d75317a6b5577487277666d785157587367706d4d67597058555978696d496b4534566475774436476d6d5270426a4731522b74562f4c66646b48492f57724552414841353936414a455843353644314e4c6c6a674c774b5148667754534d634861674a5072365543422f6b36747a534943375a476565356f3245484c6b452b39534c6b6e67626a37644b4148714655344f575038414b7044794d5946524354626e4935394b614a69784937657441456779447a79616b4c4144722b56526a4a50464e644d63453041534932652f46536e47326f4977635a376e70543334554b547a514137634430705978327a32714f4a54676b2b744f6337434454415676756d6f6e5948484e5033686c7143543776464169645a506d49715948616f39367077457438783631623755414f48334d6b31464a3937464f62376f4137564757356f47686a6e4a436a725555796853702f577054675a59307935516d4c4f6363564c4b544c364b6a77427335474f7456794d3158302b352b54795850485931625a434f63556a6f70736a43466d774b696c6371646f4744554539365153735949493731586a6e6435506e624f6163556a726a53653744664c6233486d727944317178637a6d614e585559493570724c6b55694441323971303545566f33636e6a76687455486734357139426651425276626d736161504b38647161735a4b42315054745553566a4b56474c4e6d36766f326a506c357a36697231724b4a494549504f426e4e5964716a53754d443836315334747970493763347071576879566145564c33537a4b4269694959357049325355626c4f616b48464d78656d67374e464e7a5254494d575135484e5633774b6e6331576b79667258476449336437554537564f4f4d3033654648536c4244664d33515541797770434c6e763339365a493239445565636e4e4f794e70357252476245695978754365683630736a62584a42363147534361535138412b7457684671336c4c3848714b6a6c503733707a2f4f6d57784a6269704a682b2b7a54454746786a706d6f5a4e7747633539366675334371387367566a6b3848714b41734d4463347952553645676478554378766b4651475772304b344179744d474f697777707a42733444676651564c6759352f536f7043366e35526b5579526851352b2f2b6c50795647315736306f6b336a446a3871556c5647514d6967596243523878794b6149546e72774b41375030786970565567596f416b514256774f61612b4d67593630333552334a7063676e6a76534158414179656c4d584c4d5735783271527542307059754579526967424364677146322b586b314a49636734714362694f674279746c654f3148336c4e527848455a4872556948414f61594241766c782b39546c756771754735397165587977356f4554452f4c55597875783630724d4e6f4e516c7770794f7070444a796f33644d347147347979394b6d512f4c6e75616179376853593055594238354851317257306d3862575049724e414b543536564d784a584b6e426f526f6974714151584a32592f437168344f6539545075456d577073705231424842394b44324b623931496b696d566c77783570775a5365445659782f4a6d6d715347344f4b7054423031304c6253716777314a432b574941777456704e7a4849353936514f77474d6b55704f3550733944516a646f5a4d676b41316545686b586b35724769752b4e722f6e5636326d424f43654b6b35707761334c4b62346e426a4f4d3952327255556b714365745a7a416345564739394c627575546c4b754375374846694a6373655a6d745256442b306b2f76436974665a794f44367a54376c4a755255446b67314d78375645324d2f4e5841656b524d4d72317854446e623641397165777a334946517353572b58703070675363675546746f2b744c7541474f7037314879572b7455694750334446456e4b6a4134464e626755386378316f695239722b745064737a45553232487a63397161787a4b786f414976764556576d514f7a5971597546427836303071664c4c652b61614553326e4d5850304e546f6a4c3931386a304e566f513054656f4e57647664535256456b793549366a4e4955394735397159576648492f34454b6a4d7235787766725149664b446a687a2b4e524c6c54794131426b4a48536d6f4157355530444c4d655230576e4d725a7963436846474f4f4b6b41584833733041526743706b485944386152565548697068676a696b496a5a53656e4a70474a4177616b373864716963484754316f416a55357a3961696c354f4b6b55594a5070544836456a74514d524f6750745345386d6e44684f4b694a7975525141344d425443334a704d38675577766e4e4145336d6b72373041665078314e516f51546a4e576f31787a51424c39315142514d67645142544d3936554559704d614b30306968366d527371445657365964786a4653774e6d4d476b6e71617061444c754d736d35656f7172475666673961303862754b7a727549784f47555946444f79684f33756b32305978554a67593549464c464c7547445636306d55626f33364d4f74536a72636e46585251686473374f434b6d654c4b38415a71314e707757507a6f546b6a714b72524d57424236673174457a35314c574a546c695a656f70497057695945486974426b44446d7137327741794f744a784c356b315a6d68484d5a595268735a714279385445532f4f68714f326b774f6d4b75674c4b757739445468506c5a35574b6f6530545364696a6d3239442b64465850374a483938555631653169654c39536e35444365636b30776b45344170534f65615963412b6c65536a3278474735735934707055594958745431624f646f704d4564733078466551375277507254526b6b48307038754635706948504e5769574c49324254672b42554d72664d425468304e576953314532415771744a4b4555746e7161547a647342716f784d68436a317067544b78664c6469654b766f75364a2f705545454833565057726944626c666171495932454b5967703764445577436b6534714f4e636f77413546434d56626e72544166767877447836553130443848384436564956556e4f4b485449782b56414662353432772f7a44314e5054666e49417855716f646e50496f52516f79446b55415349636a6b55384c6e6a6254415178344e53456b4467385543464559427a6a38366c56526a6b5971414f514f545369526d365a7a51424d787a3871696f5a7a6734394b6d6a4778535366787176506a3733616b4d687a783961613435417043656330316e4741516574414130674149394b6861556367553259344278554c4e7952514d6b4d6f786d6f7978794d6436595478394b52534e777a304e4145734262647550537446582b586e76564653436659565076346f45536c75784e50474d6356456f774d6e6d705154696b786f67756470516b6756536975575534483556617532506c6b44697375497348357052334f716c627162454e77722b78706278566b69397855454b3872765872337157577a596368695256744661526c637a786c443071565a4f5143654b6b2b7a355055443631576635543136566d3064304a715778665337614a5655644165616d667933416b6a474e335773355a647959505770726432504765425677665169564b7a356b5439366369686a6871684d3456734541697068383668303547656661744c33304a6c644b3558753345546259786739366a6a76336a584741543731506632374a69584f5659566e4d4d3130777052635435584534327243764a58304c763841616b39465563476971396c4873632f3179702f4d617a3549344e5174775055314f2f726d71354f34394f4b38592b6c484932336f4b6b79546d6f64334f42547978416f4551545a3656456a344f445538677170797247744551785a4779314f59385647426c6954545a70417647617443466d624b68523371653168474e3759397172522f4d774a3656626a4f35746f3455646170457374527238326577705135383030692f4a6235376b303542793372774b59683862595a674b6579376c4278555833584e536a4f4376727a514956633763656c53415a584870555337747454526e6a4a6f4162477856736471624d504a6c3341664b65744f58424a4136696e4b642b55635578444677634f6e543071554d434d3141464d556d5650796d706543654f44514d6363676471424a67396330306e4833685456574e546b6461414c416665415057713138635951566168354763666a56473862446b6e67556d434b322f416171346c35484e45307533493747716153646156797246755354494971416b314730704e4b6b6e424e4677735353456c51507a704d2f6754534b32564c452f384131715a35696874782f436b426253525931796574535279466a6e4846556c6353636b2b39576f327a3070695a62552b74546f7778337a564f4e2b52786d726b6267725142537677543877465a6c7537656467444f61324c7064796e6a697369326b43585a583371567562526c593149393645466c334b6531614978496749716f6a4167565a6a4947635659536c7a43506262786e6f6179727549526e68534433726451377172586f6a45524a4734306d69364d3270474a45476467716a4a4e614d554a525347344e56626468464d4741343756704569515a48337163576a746e566437464b614c423341567257686a653041435942363146625242324a5055646a566c5643634b4d555365756868566d704c6c477932386330586c734f4230724d6d307434354141637165396134396165666d474457744f71346e6c596a4351713674616d4c2f5a626633714b31746c46612b335a782f32664579334870555259564a49526a504e514d546e6763313561505a464935474f4b6371385a4e4d556c66646a31715a516572476d42444933617172486d707054387878307173546b31635347456a694e43784f4b70427a4c4c6b6e675558306d43457a676436686a7952676344756130524a666a66652b314f33657443494246724e745642624134417251685946765956516d57582b5a6b54304f5455714c6c754f7561727874756c5a2b77465477486b6e326f4a477566337046574536413156326c37687531576362565850536d41354f537739445334327437476d71663335493645553977534152306f45516f5373784e54766a473464525562443935375970784f33364767596559434d696a4a497942554262613373656c43796b48673041532b5933727546534971507a676a36314156575135423274546b4c4b64724d4b5146344d6b635235724476626b53456c65674e574c7563426362384432724a3877416c653261436b67754a634944314e556a4e676a334e4f6c646d66355747506571386a4548727a3755686b2f6d31494749554476564a5a4d7541656c574666715451424f7a6256786d6f444c6c73453856586d75575934576e78524f457963633041544c4b5644416e485046537858654d4a6b5a5072565a346d62474b6e5344614634357a54457a5474797533746e32717a484c474279526d7379556d4b49593630793344732b57624e5377534e6833526c4f44574664685962774f4f416131465534354e5a2b71783569336a74554a366c6d6e62536834787a7a697230523439363537544c734f75334f434b326f3552747954794b30465975713436643663384b764753337057575a6a35685a44553658784b6248345072526331564f533152576c5142386764445667734656587a744a714b544c41344e52764944622b57777977364770756462687a4a47686133414c454d526d726e5870584e777a464a67573656745731794f4178343747677871516353794254787878536c633872794b4d4876564977754c744e464c7836305578474178494f4f39526a6a723371566c5658363147526b3179334b484b42757a537353547448343030664b63436e39736d6d42586d4f4f4b71394f617358476356566c626245545769495a6e7a4b5a62676b3942546c5135475077464f4a436f574e54514c6b686a31504e61456b774156416736397a5671456849796570717546505564366c42776f5555784669452f4954327a566d5049474256654644386f39427a5671496436596755596b79653953545a3868667254514d794165787153546c414451496246794d6e36564c327855613841696c332f41436e4e41434354492f33654b637a67714b673344633350576b522b53702f436741666a503531435a43765035314e4b4e77343631585a5377343630686a3435386b676330533345696a6a46566768446a727a545a5a7a483938627142324b31314d7a7365545666657a443568774b6d6d75783152427a55586d5a4757787a3246496f69456246743265445546347756674d3166436a625764646a644a696752476e41336461633773563272314e4e564e33486170345953335163657441447257335a694d674772685848474d30364a646967436952734567486d67513048627a313971737744634d6b56576955736331634141546176346d6b7749706a764f4253326b65435135357032414133747a534a2b3877523271526c767467476f7034424e4555626f6165714d7543446e327032336d6f75576a412b7a54324e7875414a5431725a74726c5a41443639617346465a634556576c7454483838663556616b466935355163355841706b305a6948504e4d74376a4f465042713479695a4d4872564678714e50556f523341443461724d3173586938794d5a716e5043367475326e4872546f72755a414172644b6b376c727245657152537273663548374770454269486c75777a3270476833494a3548475365677147525761516c535342336f4c61556a557462316f5346666c66577230726559675a47795061735341466c354f545538637a51484235553971647a6b6e54744b364c32352f57696f667473506f614b43626552356966464f736e72646a2f76306e2b464a2f776b2b722f774450305038417632762b465a56465879727363563261332f43556177502b587366392b6b2f776f50696e57542f79396a2f76306e2b465a4e46506c58594c7331473853367333445851502f624e66384b592b76616b3637577541522f754c2f68576452525a42646c34367a666b594d7749482b7750384b634e65314a656c77503841766866384b7a364b4c4263302f7744684974552f352b522f3337582f41416f2f3453485641323737534d2f3963312f77724d6f70697561792b4b4e595870646a2f76326e2b465048693357774d4338482f667050384b78714b414e6a2f684c64627a6e37594d2f39636b2f777054347531772f3876672f37394a2f68574e525142732f384a64726e2f5036502b2f536634556e2f41416c75742f38415034502b2f536634566a305541612f2f41416c57746638415032502b2f536634556638414356617a6e5032735a2f36354a2f6857525251427366384143563630662b587766392b6b2f77414b622f776c4f736a2f414a65782f77422b6b2f77724a6f6f4131763841684b4e592f77436673663841667050384b6a627846716a2f4148726b482f746d762b465a744641376c3436316674316d482f66432f77434648397436675038416c7638412b4f4c2f414956526f6f43374e442b3374532f352b422f337776384168544731653959356159452f376f2f77716c52514679352f6131376a486d6a2f414c35482b46505857395151595766482f41462f7771685251493066376631502f6e34482f66432f3455332b3239527a6e3751502b2b462f777168525373427044784271616a4175522f3337582f436c2f7743456a31582f414a2b682f77422b312f77724d6f6f736775615465496455624f626e722f734c2f68516e694c56492f753349482f624e66384b7a614b4c49647a5748696a57422f774176592f37394a2f68522f77414a5472502f4144396a2f76306e2b465a4e46466b463261332f41416c4f732f384150332f3543542f436c2f34537257662b667366392b6b2f7772496f6f7367757a5450694c56576263626b5a2f3635722f4149564b766976576b47467641503841746b6e2b46593946466b4632624c654c64625959613742422f77436d53663456422f776b4f715a7a396f482f414837582f437332696979477079577a4e622f684a39597742397147422f307a582f436e66384a5a72574d66616c2f37394a2f68575052525a443970507561792b4a39585535573641503841317a582f414170543471316b39627366392b6b2f7772496f6f736739704c7561332f435536782f7a39442f76306e2b46465a4e46466b4c6e6c33436969696d534646464641425252525141555555554146464646414252525251415555555541464646464142525252514155555555414646464641425252525141555555554146464646414252525251415555555541464646464142525252514155555555414646464641425252525141555555554146464646414252525251415555555541464646464142525252514155555555414646464641425252525141555555554146464646414252525251415555555541464646464142525252514155555555414646464641425252525141555555554146464646414252525251415555555541464646464142525252514155555555414646464641425252525141555555554146464646414252525251415555555541464646464142525252514155555555414646464641425252525141555555554146464646414252525251415555555541464646464142525252514155555555414646464641425252525141555555554146464646414252525251415555555541464646464142525252514155555555414646464641425252525141555555554146464646414252525251415555555541464646464142525252514155555555414646464641425252525141555555554146464646414252525251415555555541464646464142525252514155555555414646464641425252525141555555554146464646414252525251415555555541464646464142525252514155555555414646464641425252525141555555554146464646414252525251415555555541464646464142525252514155555555414646464641425252525141555555554146464646414252525251415555555541464646464142525252514155555555414646464641425252525141555555554146464646414252525251415555555541464646464142525252514155555555414646464641425252525141555555554146464646414252525251415555555541464646464142525252514155555555414646464641425252525141555555554146464646414252525251415555555541464646464142525252514155555555414646464641425252525141555555554146464646414252525251415555555541464646464142525252514155555555414646464641425252525141555555554146464646414252525251415555555541464646464142525252514155555555414646464641425252525141555555554146464646414252525251424a6765676f77505155555651677750515559486f4b4b4b4144413942526765676f6f6f414d44304647423643696967417750515559486f4b4b4b4144413942526765676f6f6f414d44304647423643696967437a5a615a65616c4930646c615333444b4d73496b4c59487669726e2f434b61392f3042727a2f414c387455656a363971576779535361646365555a5141344b686763644f4457742f777354784e2f7a2f4a2f3334542f414170415a76384177696d7666394161382f373874522f77696d7666394161382f77432f4c567066384c45385466384150386e2f414834542f436a2f4149574a346d2f352f6b2f37384a2f6851426d2f38497072332f514776503841767931482f434b61392f3042727a2f76793161582f43785045332f50386e2f6668503841436a2f68596e69622f6e2b542f76776e2b464147622f77696d7666394161382f373874522f7741497072332f414542727a2f76793161582f41417354784e2f7a2f4a2f3334542f436a2f68596e69622f414a2f6b2f77432f43663455415a762f4141696d76663841514776502b2f4c556638497072332f514776502b2f4c567066384c45385466382f77416e2f666850384b502b4669654a762b6635502b2f43663455415a76384177696d7666394161382f373874522f77696d7666394161382f77432f4c567066384c45385466384150386e2f414834542f436a2f4149574a346d2f352f6b2f37384a2f6851426d2f38497072332f514776503841767931482f434b61392f3042727a2f76793161582f43785045332f50386e2f6668503841436a2f68596e69622f6e2b542f76776e2b464147622f77696d7666394161382f373874522f7741497072332f414542727a2f76793161582f41417354784e2f7a2f4a2f3334542f436a2f68596e69622f414a2f6b2f77432f43663455415a762f4141696d76663841514776502b2f4c565576744a76394e326662724761323335322b6247567a6a307a57372f414d4c45385466382f77416e2f666850384b7a6459385361727279784a714e794a56694a4b41497167452f5155415a574236436a413942525254414d44304647423643696967417750515559486f4b4b4b4144413942526765676f6f6f414d44304647423643696967417750515559486f4b4b4b4144413942526765676f6f6f414d44304646464641482f2f32513d3d0a0a, 'Roldan');
INSERT INTO `docentes` (`id_docente`, `no_control`, `nombre`, `apellido_p`, `passwd`, `foto`, `apellido_m`) VALUES
(3, '9875', 'Juan', 'w', 'hola1234', 0x5b6f626a6563742048544d4c496e707574456c656d656e745d, 'w'),
(4, '7347847', 'Pedro', 'k', '12345', 0x5b6f626a6563742048544d4c496e707574456c656d656e745d, 'k'),
(5, '94386522', 'Carlos', 'afd', '12345', 0x5b6f626a6563742048544d4c496e707574456c656d656e745d, 'l'),
(6, '111111', 'Felipe', 'Hernández', '12345', 0x5b6f626a6563742048544d4c496e707574456c656d656e745d, 'Roldan');
INSERT INTO `docentes` (`id_docente`, `no_control`, `nombre`, `apellido_p`, `passwd`, `foto`, `apellido_m`) VALUES
(7, '2030072', 'Guadalupe', 'VArgas', '12345', 0x2f396a2f34414151536b5a4a5267414241514141415141424141442f3467485953554e445831425354305a4a544555414151454141414849414141414141517741414274626e5279556b64434946685a576941483441414241414541414141414141426859334e77414141414141414141414141414141414141414141414141414141414141414141414141415141413974594141514141414144544c5141414141414141414141414141414141414141414141414141414141414141414141414141414141414141414141414141414141414141414141414141414141414141416c6b5a584e6a41414141384141414143527957466c6141414142464141414142526e57466c61414141424b4141414142526957466c614141414250414141414252336448423041414142554141414142527956464a44414141425a4141414143686e56464a44414141425a4141414143686956464a44414141425a4141414143686a63484a30414141426a414141414478746248566a4141414141414141414145414141414d5a57355655774141414167414141416341484d415567424841454a5957566f6741414141414141416236494141446a31414141446b46685a5769414141414141414142696d5141417434554141426a6157466c6149414141414141414143536741414150684141417473395957566f6741414141414141413974594141514141414144544c584268636d45414141414141415141414141435a6d594141504b6e4141414e5751414145394141414170624141414141414141414142746248566a4141414141414141414145414141414d5a5735565577414141434141414141634145634162774276414763416241426c414341415351427541474d414c674167414449414d4141784144622f3277424441416f484277674842676f494341674c43676f4c446867514467304e44683056466845594978386c4a4349664969456d4b7a63764a696b304b5345694d4545784e446b37506a342b4a53354553554d3853446339506a762f3277424441516f4c4377344e44687751454277374b43496f4f7a73374f7a73374f7a73374f7a73374f7a73374f7a73374f7a73374f7a73374f7a73374f7a73374f7a73374f7a73374f7a73374f7a73374f7a73374f7a73374f7a762f7741415243414d67417941444153494141684542417845422f3851414841414141515542415145414141414141414141414141414141454341775146426763492f3851415652414141514d4341774d494241634d42676b4641514542415141434177515242534578456b465242684d69595847426b6245554d714842497a4d30516c4a79305163564a445644596e4f436b724c683842596c55324e306778636d524a4f6977744c6938545a4656475355566153452f385141476745414177454241514541414141414141414141414141414145434177514642762f45414334524141494341514d46415141434177414242414d4141414142416845444569457842424d795156456946474643635a457a556d4b423062484238502f61414177444151414345514d5241443841385a516843414243454941454951675a5a6f6d3755704835704b746c56384e46366f44714b76545232365137777566492f77425564574a5847794336527337346e3342794f6f4f394b55787a623971532f737376777a4e6c4632363778665253575755306c6a726a4938566570366f5364463967376a78555368384b544a3749795370624b53686f4355424b6c5341545a5357752b33424f30462b43535031623863306746736f3668775930456d77436c56657361485243347a7569504f343364624647577463636f67576a6a765651754c6a636b6b6e5736737470424934446173703234617a6649356457714d546c634a534b41415467416443727a4d4f6a35304e4a6351516f4d51686a70584d6247546369357a54556b33534534744b324c535534714a724539455a6c617577414d674259626c7a5965357075306b487156754445706f6e67506358733445705a4d6265343865524c6b3036747a47557a39733545573731673373636c7034704b4a4b6545734f546953737370346c5564796372755778646a78435a7a324e6459747541636c7150623845346453353847784333684d796141765934454561634647574b564e4659704e326d53416448753979426f456f466d6a7339795161426335326b636b544a426d4d2b4f39513755744e76753157374a6b6a413574694d69514653666f6878466871593574445a3238465457575a4e52765a647a4c6b44687145734e624a45625341754362676e3469556d75545373684d696b624b77506265783470367a4e4c73456c6b714c494153794c4a624951416c6b6c6b715543794145497950596f4b5966673746617463487356656c48344d7a733936666f58736b7345746b746b4a464357525a4b6841684c49736c5167424c4932557155494172767971342b77716179696b79713466716c54325466434263736a6b48776275784e682b4b5a6636493867705a42384537735563492b435a395565354334483748575332536f53474a5a466b746b746b434732525a4f5349475278356c2f3176634647422b486a36696d69396154363375436a742b486a366856665348774d712f6c744f4f6f71645156592f44366676566b42457646446a79786a686d4f314b414550395a76656e4a46435a4a4c4a316b575347494169795643426a624941536f514157525a4b6841446249736e4a554349616b66677a2b377a4363416b71682b437637764d4a7743663841694874685a56794c563448356e76566b444a56335a5969333668383034696c362f77426c697755465550697a2b65465a4155465836735836514a5135484c686a72495337304a44414252314141695061504d4b554b4f704877446a316a7a43636553587746726f73684b6b4e4357555551364150623571657968692b4c4861664e557547533175687945704352417773697945714245557672526a6937334650736d7944707866573978556c6b3565684c6c6e4f6f5168647835494951684177516843414c65476e384d6232487957772f52592b48664c47642f6b5673507a6175584e35493763486779724c4862704e475842513256736768524f6a76665a476642536d57305679322f616d57736578544557314761615767364b30794b4c465056614d6b50595663575461787a576a5479625132543832775554534c524b6979645a49343744626b64797a736f6a66306e694d5a6a56796b41746b4e4f484249786d7930337a6364536c7368695346746d6f4b6f664264366e554e5838554f3143354b66425569747444714b7542556d6171576f716d303864395848514b326d33735a70704b3257433973636a533977417a7a4b773675637a3144336e516e4c73545a5a704a6e6254334539366a4b365959394f3579354d6d765a434a64554a7a5230686c6b537444496539784d4d594f363669543553623746386d35425268496259716c6a6b6447344670736f6b39756c304d61354f696a7a6859667a516b626f45734853706f794e4e6b4a4765714f78634c5053693751354e634c375031683570396b31773958367738306b4448424e35714d7532746758343254774d6b4a574657494262494a5549514d454951674151684b67424574736b49434146304237464253664a6d646e7656676a6f6e7355464a386c5a2f4f394e6343396b7145714569684569636b514149516c51495241434c4a7a55444b386f2f4334667175566c5635522b475166566372466b506842486c6a5a4d6f6e6468556350784c50716a79436c6b4877542f414b705563512b435a395565515458412f59354356436b5969457145776f4549435649434f45644b543633754361507868622b37556b4f736e3176634577666a442f4c39367636537947722b58302f657259305657724834665464367432536c346f4963736a66367a65306f537944707437304a465549684b684941516843426949536f736742454a55494145424b674241456458386c64326a7a43554971682b437537572b5953325458696865324c75565a3334796239512b6173675a4b75373859742b6f664e455254342f774346674b477339574c3949464f416f617764474c394945523552556c73787851454641315141344b4f7048344f3774486d464b4648552f4a33646f38776e486b5434474a775362303544474368692b4c377a35715a52512f4639353830317778506c436c43635569566749426d6e57534a5543493552384a463962334650497a544a666a497672653471533130356349493873357443454c7650484243454947434549514262773735597a7638414972625748683379786e663546626c736c7935764937756e38474a61364447306a4d4a774357797873737279557a58444c49385655653078753258433376576e5a4e66477952746e424e532b696f7a636a6b70474763504c6f79306737696e476d744a5945323346535177633349486b6b725330496d6a6c646130724e673864785468643774733644315237314638644c62356a44346c543643797a5a53335949734549534b425156667859375659736f4b6f4573625962304c6b48775537686f4a4f677a5766504b5a705334393359726337586d4e776178784a79765a555330335858424c6b34736a664133656c4453374a6f7553723150686a354774653977613035323372526870496f5055626e783370797978516f345a50637a366244584f7336586f6a676b714b55516b76492b446463416a63567257575a69547932386437584f6e67736f7a63704730386359784d357875626c494e5549585363674b566b5a6445392b356743695679456a37337a6a66634653335255647a5677357764517336726a327153503152324b74673576524f36704435425468776177456e637553612f544f37484c386f664a4b7946686538326146566872325662396872433068773134585762573162716d58496e594871685077752f70563977462f6174466a536a624d6e6c626e534e7843454c6e4f6f4549736979414243454941454a5549415379554953674a414b66564b72306e79566e5a373159497530396972306e79566e383730313468374a6b49736c736b5549684c5a466b4149684c5a47714145736e42496e414941727935566b4831584b7771387679324436726c5a736e4c68436a7978736e78547577714f5034706e31523542535335525037436f3476696d6656486b454c675059367945714c4a4669495332525a414145494151674249526d2f362f75436a4834772f792f65704964582f5755592f47502b583730317953794f717a72366457786f465671522b48302f59725130546c346f554f5752762b4d623370624a4a4230323936645a5355496b5332516759495332535751414a45714541496c516841416e445249416c43426b64554c30722b377a4357794b724b6b66336559536f58694c3277476972752f474c66305a38315a4156642f77434d576e2b37506d6d762f735575502b466b4b43734877636636567676553668725055692f53743936556555565068693649337078535751416f544b676667377531766d4538424d71666b377531766d4534386966413232615648576c43474d5252512f4639353831505a51772f46393538303177795879687945714568694a516979564d52464b506849767248794b6b4179544a506a49767248794b6b524c6842486c6e4d6f516c304e777651504845516c31516742454a5569414c65472f4c57642f6b567544525965472f4c57642f6b567542636d667952336450344d56434558574a5949516c4771474d6a3241397278313564536a653578614741644e78745a53427761484f4f354a43306b6d523272744f6f4b7542446f32434e6761502f41436e4a554b5368457145714142434571426b637274694d6b4335746b46555a68635149633978636547675675544e374739647a334a7970536156496877556e624541746b6c736846314e6c4357574e693256543269363257534d6666596348573173566b347932307a4863577258463530593576417a6b49534c734f496372444157517662756b59436d557342714a32786a6563316f316349624762432b794c57376c4570704e49316842744e6a73492b53762b7637676f3636665a67324271374a53595166674a427764376c6e56636d334d5266495a425a4a584e6d6a6459305135623170595a4873784f6b4f39774157597436434c6d615346747337676c586c6c53723654685836763457304951754d376751684351416843454143454951414a51684c75514d586365785155702f426d646e76553539553969676f782b4373372f4e502f414246374a6b69564352516945746b575141497368466b41466b344a416c43426c6562355a4239567973364b764b3239624239567973707934524d65574d6c4877542b772b5369682b4b5a3955655155307678547577714b4c34706e315235424a6344396a6b4a64794546435a6f536f514149516c51417944317050726535522f7744754a2f52653953772b764c3962334252582f724233364d656170632f2f414153786c543876673746625653702b5877646e32713445706349636557525039646e656e4a722f41497876656e4a4442496c516742454951675949516c51416c6b575370454143554a453449416a71766b722b377a43564a5644384666336559546b66346f5062464372762f474c66305a3831594372752f474c50305a3830317a2f30552b502b466851316e71526670572b3954685131673645583655653954446c446c77783239434e3645774647716a71666b377531766d464b45797048344f37746235684f50494d625a4143556f536649416f6f666978326e7a5577554d492b44377a357072686b766c4430497368495949516c415142484a385a4639592b52543079556643772f57506b564971664152355a7a4e6b42747a625241314630353562596249493433586f486a44625751676d36524143704549514262773335617a7638697430614c437733356248332b52573646795a2f4a4864302f67786249736c736979784e424c4a6257545a4874695958754e67466e4f78562f4f37504e686a654a31565269356343636c486b6c6c6d61486e6e443847303364317133444c484f33616a6474425939624a30474e427a6430696f36476f4e50557464666f6b32634f7062504863624d466c7156485157534a357a54567a4853496c5168414169795779564179452f48487143636744345a2f636e57545944554667634c455842543749736b674d75536b6d6f5a65667037765a766276736f73556c6250444449336951657252625739556136675a4c4535306652647259614662776d6e4a576338344f6e526767456d77467969316b6f7578313943465a6377547559396f7a63624f41347271626f3546477a5377576d32476d56777a4c63756f4b535a7572546e754b7455544131726d675773416f616f576b50577546797562733942513077526d42786f5a4334656f3847336171446a636b7252726743786f36316e455a393636344f397a6a79624f68596f7a4c49316a52636b726f35636777666e416531564d4d686a45416b6177683139547156626c39554867516661734d733955714f6e444454477952435569795379774f675779436c534941537945714c4941524b45414951414a516b5467674149364a554648386b6a3750657242395571436a2b5352396e7654586948736d516843525342434571426957525a4b674941537955424c5a4b426d67544b3868745851665664354b7946576d483464423956336b724b4a63495565574e6b2b4b64324b474c34706e3152376c4d2f34702f596f5976696d665648755175422b7836456f516759694571454141525a4b416849426b5072792f583977555775496e3947504e54512b744c3962334252662b346e3948373161496b4d7166786a4232666172617131483478702b734b32706c77696f3873696b2b4e5a3370556a2f6a57642f6b6e4a4445516c516759694535466b5741314357794c497364434953325169776f4c4a516b736c4351794f722b537637764d4a556c586c535037764d4a796138554c2f4a674658662b4d6d666f7a3571794658662b4d6d666f7a35706f6d66384139466b4251316e71526670523731505971477139574c394b50657068796970634d55366f536e564143646a46436a717371643361337a436c4369712f6b372b31766d45347663556c73496c514571487943455555587165506d706c44454f68336e7a545844452b5550534a316b68534543556149736749416a6c2b4e692b736649703531545a506a59767248794b65526d6d2b454f504a79365649686569654b4345495141495168494333687679325076386974344c427733356248332b52572b305a686375666c4864302f69774154676c736979774e5243304f7963415231724678724b6f6a41334e393557356b73624847326c6a64784238317267386a484e346d5a636e553351436b4769554c744f4e485430722b637059336e4d6c6f556c7331587734576f49733933327179764f6c354d394744754b45736b5332525a496f524f53575368417976504d326d6c456b6c39683473534e78557a48736c61485275446878425658466a6168504861437834716c304a32346e466a74343346625278363432595479364a55644a5a564b7965656e4c5852786837506e5a4a4b4c455936726f4f73795468755059726657733663482b6b576d7072597230746446564449374c783830715352316d4f5055565378476c44423656434e6837546e626631715554633953526b484f5168703764367478542f5553564a713479354d697469356d6f4c62577541665a3974302f4452656f7471414c71544751425674747659504d704d4a2b55752b703777756937685a7a3157536a6570426d377356664553576449626c5a70636e48735662456a6468584648794f3658675a2b4b547754765961654c6d6d633277467479656b47674f4f2f56774a37316e7346336763537070696d556f3270323738313272614a77506552735541633172324835704675712b616e6d485150636f365544616b37515059705a66692b386561355a5039486446666b6c47656153797a78562b6a7a76755357587a484258347059356d37544841684a786142535446525a4f79535755464455746b746b6959416b536f51414a77534a5167593461487356656a2b534d372f4e574e78554646386b5a332b6146774a386b71564345464945495167596c6b7145575341456f31516c434246616235624239567974575661596668734831584b304535634953355a484a38572f735555512b425a3955653554532f465037436f5976696d66564875517543765938614a556f51557247496c495168466741435779454a414d6846704a6672447943685034792f79766570347a384a4a326a7955422f47662b5637316135496d4e6e2f41426a542f565673614b72502b4d59422b615662536c776878355a452f77434d5a337079522f787a4f394f4b525144524a624e4b4557534145495167594a4c4a5549474a5a4b41684b67424557795370514d6b446f6772506b6a2b377a43645a4a576a384466336559546b31346f5338762b4146412f3841475450305a3831594372752f474c4f715033706f552f526156657330692f537456674b437330682f544e3869706879687a3459386a4e496e4549736759425231512f426e646f387770516f36724b6d64327438776e486b5575424c49516c512b527062416f597655377a357161796869466d643538303177794879683645714541496c73684b67434b5434324c74506b55394d6b50773051367a3546534f476162394248326373684346364a346f49516841416c5168494331687679325076386975675a6d344c417733356448332b525852514338725231726c366a6c48643033694f32556c6c5a64456f6e4d73567a5762744553796364616667336273777467697970346c415a364a31686373365157754b5654526c6b6a635763346c414a6459623068794b74345a427a395730626d394972746253545a77785674493371654d783038626544564a5a4f736978586e58625054536f625a466b36794c4a674e536f415332514258725965667048733332754f304c6d534c487358576c63376963484d566a72446f7536515854676c796a6c36695045696f486b4f446753434e4676346657477169496636374e65767258504b7852546d6e714776476c37487243316e48556a44484c537a6f756245704c48357449735173374432755a57476e4a75324a7a6e4479576e47626d34304b7a366c736c4e565072474e757935446d6a2b65706332503345365a2b704648465a524a5747337a4273714f68715730307863357477345779335a6851534f4c336c78314a5464793631443836546c63337231485655633855344c6f6e41356162776f4d5250774a50585a632f464b2b463465787861346277744761765a55556c795132532b5958504c44706c614f705a314b4e4d705476334b53674635776f48754435426252576f687a627274794b326c74476a434738724e6d6b68654b637a6c703248794542334569312f4d49716a6145396f564347726b68477944647437324b74535343616e754e354753354a4a715232786b6e4570564d595952494e446b35566d794f676b326d6c61446931777352634b6a4e487333622b7956764270374d353571743057686a456746756262347077786b6e316f6642316c6c356f75552b33483454334a66546369784b43544a313248725673454f46776233584d717a5356736c4f3631377333745763735877316a6c33334e3279564e696c5a4e4748734e77552b7977716a7057346c6b6f434542417834305059713148386c5a332b61736a334b74522f4a47642f6d686345766b6d533251684970425a466b49534743454951414a7731545535714542586c2b57302f3158653557416f4a522b48552f31586535574171664346486c6a5a52384537734b6969487754507144334b61583474335956444438557a366f397953344b396a39454a554a41434c495167414355616f43554241794f4c34325474486b713576384166582f4b393674522f485364336b712f2f75702f526539576a4f51795850456f50716c58414d6c51644d325446597733356f4957685a4b64704971464f794a2f787a4f2f7954374a6a2f6a6d6436656b79675168435177736979454941524357794544515751684342676c43524f4351455662386a6632742f6543577953744834472f752f65436459717638555375662b43425633666a45666f2f65725143724f2f47492f522b394552534c4955465a665a6a3251535249445964514b73574b687162374c434263375130557865355575427a584237513570794f69565155743279534d4f514242747756685531514c6755425231592f426e6472664d4b554b4b722b537537572b5952486b557542715549736c512b5272674644454f68336e7a55796969395476506d6d7547532b52316b69636b736741525a435731304151792f4b4965302b525579696c48345442326e79557163754545665a79694549586f6e6941684345414b684345674c65472f4c6f2b2f774169756b706336714d63584c6d384e2b5778392f6b563032486a6178436e4847514c6b366a6b37756d344e52384f75537279526453325a4946546c6749334c68556a74614d74306169637a4a614434757051506a7957695a6d346e4a346c52476d6d326d6938627378316453306347702b62707a4b345a7638414a5861796a6255734448456741337954346f5777784e6a626f305743365a356268527a78784b4d3951714536795168594734694c4a624951413143645a496742465178616d35366d35786f75365050753372515156555a4f4c54517052556c52783551745045634d66453479516a616a336a65315a704339474d6c4c64486d546934756d644268733233524e6554366d52552b51706470777663584c547650386c5a6d4576506f30386647317539616b3174714a6d347575653563633155746a757876564657594e625176706e583159642f4256434c4c71334d6138467232687a5471437376454d4c61794d7a5537624276724e7574736557396d632b544457364d644b67684f6a694d72773045585046627335776236773756624246376231456157534f7a33415742473954506a7a4b7a6c544e6f57686470614d44576d6863346935767173765a4c5432373170775847484872646b736369324e38664a447553624c585844737763757a72546b746c425a5839434c337561445a34336356576c7035496a5a7a5346706d51746579577875334a33574659645655687963384f48574665746f6c343473775145757956744343686e5052594c395753643937716663302b4b4f3668646c2f536c68637a6d5463336d57753831734452525255386350714e41556f5745354b54744852434c6971594a51684b416f4c46472f7356656a2b534d372f4144566b444c7556616a5034497a76383031774c3254495368435251694571524141684b6841416e4e5455357141494a6a6173702b783375552f425154664c494f783375553454664343496b76785476716c52516a34466e3152376c4a4c385537734b5a4438517a366f39794677503250736b536f534749684b68414945346170416e4a4646614f4f2b4a5376507a5774734f316f566172664979756359656b387344626238797273512f445a756f4e386c51446a39396e4f4f746a627179795730655443664777324b6e4d4658475352304744614e39363049704762445768344a414131575a4962764e744c7047617079546b724a556c4637476f3734356e66354b5379706c37672b4e774a364c56636a634873447257757357714e34376945495332525a49735379436c525a4144554a316b575141314b6c736841434a7730534a77534752315976535037764d497369712b535037764d4a3172702b6b4c2f4a6a5146413466316b33726a3936746758436f31556867723433624a64646d67375371687954505a46304379677172624c4e6f3247304c39696d6a65325267634e436f716b4e4c6f51374e764f43347471706a354653385348443274464f5844556e4e57624b7261536d715a4379462f4d754a49424759566d4b5153744c67434d37574b7553396b5161344842525666796433316d2b595577476169712f6b7a76724e38776c486c446e7778454a6249736b7977436869395476506d70776f4966692b382b6170634d68386f6568434c4a46416c476951424f5149686b2b55513970386c4a5a4d6c2b55513970386c4a75436376516f2b7a6b3049517653504442434549415643454a4157734f2b5778392f6b56314747666a536c2f5374584c346638736a372f41434b366a433838557050307a664e6376554864303342326b6b585675564f57487157752b4f3931556b697930586c4a6e6f47504a44626371306b58557461574a565a497331716d53305a54342b70524668576a4a457137347974457947696f526d6b4955726d4a68436f6d686d615379665a4a5a4d4b475751516e57525a4144624a45347045446f4f31556176436f6169373239422f456146583068494175545a56475469375245344b53334d624359434f65473845447756795a39716c6e414e4a547157417743516e353772354b4445413851756b5a7259673969316255706d53576d413669722f53616830526142594567712b51434668594c6e5866716c6278553559714d746834704f55625a68596a685a6a4a6c674632484d744772564252556b373343647362756161633332734f793636496a4e53564a32634862317a762f4148572f6156586661565553384363727377716a354c4c6663516d757353434e48425379446170366b63414437517134635052346e5830795769335349666b54306b55556b32784c663830635671544d6149324e41477a744157574b312f5344326e51725935336e6f596e6358433679794c6447754e716d4a364d7a68627353694267334b586369797a73326f6a644730744c534d694653696f343346774e793970735670575764567564533173632b6a48354f5651626470457a705558684447476875794c4e3054374a6258414b466e2f73744357516c51675969554953675a49416475376c576f2f6b6a4f2f7a566d32523746576f2f6b624f2f7a54584250736d516c51456968454a316b575141314b6c4b51494141456f315276536a564179744e6630794436726c59736f5a6336794436726c597369584346455a4c385537367054494238424839556535506d4c5777754c69414c6231536f3677794f5a45475a624f71615463516271564d7532525a4f4759756767715378746b4a794c494768416e674a4c4a736c524844367a732b415333394261584a566674656d794e4249446e4d42413369797231414c4d544a7462492b53664a554e4d7a704767676b7449763143797256465158796954656673573855374f6154516a765750616876724a7530626f44694464615552614c703062325756756e48774c566d436f666b446e5a575961344e4161356c7832724755585230526d69395a436a6a714935446b624867564b737a5662384349536f736b41314357795779426a554a316b575146434a51697963416979694b712b535364336d456b6a2b626a4c725854717366676a2b377a435a554e326f5342314a7268457935644656324953413244477143536430306765514134437749545869784b526f7a577956484b3553657a5a64676d4c4979353265395636717335787a4e67414268766539383037534633315653746d694b54646a6c4e7055574458546b334c76596e4d727047376d6d2b5a754e56565171306f6a5849314971316a736e4e736570545637534d50624d4c466a35476745472b64786c314c49626b704a486e6d326935734841714e43744d30376a716a5253325459705779676c757644677041466c77644333334541566548347676506d724e6c42463858336e7a4b70634d6c7263636b7a546b695178416c516c415441686c2b55516472764a53577948596d536a384a673754354b524575454b504c4f53516843394d384945495167425549516b4e4672442f414a5a48332b52585534542b4e714d663337504e6374682f79746e66354664526842766a4e462b6e5a35726c366737656e345052584d4e676f487356317779566434586b6e6f4643574e567049316f7659717a324a6f444e6b6a4372506a466c70795271732b4e614a696f7a587871467a4c4c516b6a566437466f6d5252544954534659637852756171736c6b52436261796b49545345776f6169795649675957544a64476a69344b5252536e4e6e31766355304a6948494b744f396f61576b587675566c357343732b59687a37335678354d356249696f68485354756b4e79434c41634671527a736d4852766b737577567969476267726e7675546a32324c65354c585a5950482f694a503357497369757a77694d6633372f33572f597366614e44496847325a326e65772b52576645535273486362712f542f4b486a695065466e67624578484172746a374f4f594e4a6a6b74664a614e504f356b52446457754467732b5a74724f56756949653177634c3948504f32394b617444784f70556138442b646a44694c4865464c6b71744a4c666f4157413631625849396d64776d35566352674d3949344e46334e7a4374674a62495470324b53745555384e7165666744486768385973627133617961786a577a50494669344452504f714a4e4e3743696d6c5445516c51704b45736c43456f514175355636504f6b5a332b61736a516e7156616a4671566e6635716c774c325449516c736b4d524357794c494749693657794c4941524f616979416b42444932396242395633755539374b43544b73682b71666370543676636e4c304a63736f596b3479467241346249314630326e664779554f74594e5a736a7434706b773652736d4e31577938544a75705761305a326f77346230367971303779794532334b36517564374d366b74724757525a4f736c537343765553474a6d57705763346b6d357a567971365431554c547757304b526a6b35496a716f6e693561706e4378436a634d7774556337476843645a424364696f61436e747a54624a7a516b796b53744b76303035645a6a7464785646696c62647042476f3057556a6f685a704a4c4a7a63786669685a4d334732536f736c76314a574644624a625753684b69796b6841453442414363417073704967725261696b37764d496d6a65364d686775536e56342f415a5031664d4b665a75417162714b4a71354e474a4e424a476275626276555942344c596e6a62736e615a7445697757633249676b45484a61526e614f65654f6d494438452b2b575370624b304a476c7a6843305863374b775433594c58676649352f3841646c584753584a4d73637063497a4c4a5146654f45316f2f3253622f41485a5466765a57442f5a7066393256536e483652323566436f416c666f3064663271313937366f666b4a5032436d53306c51317a476d4351456d39746b2f7a7651704b78364775554c5358453174784257683271745455307a5a67585275417a7a4956776a4e597965396e52424e4c635a6b6f4976692b382b5a566d79727735782f724f2f654b53345933794b684f49736b525955496c43456f5149686c2b5651392f6b70625a4b4b58355644332b536d4769703849493873343943454c307a77515168434146516843513057714435577a763869756e7759663131512f70326561356a442f6c624f2f794b366e42667831512f7032656135632f4a32395077656d75626b6f486857336a494b753971386e3264364b72776f4842576e68517643597971397172794d79567877554c32395361416f534d566437466f505a314b753969744d5646467a4643356976506a5544324b3079614b5a616d454b793576556f6e4e366c5359714943456c6c493571625a55534e554d767278397675552b797131526c4c4439592b537045766757584e6a75734c47643633657465575672473949376c6b6b4c57426c6b4772546f425a7037466d674b3754565449685a7750636e4e4e7259554854334e414a3159332b7157667033667574565956304a317542324b48456351624e525151524f6330736539377952613977304439302b4b7955473262536b6b724b5562677972467a59454565492b31564b68757a56502f4f4e314b35774a424a75654b62556a61324a42767950617570636e4a4c64434562636663707350395a342f4e554c5471466277714c6e4b68374c374e32363670546452593853756353315343306f37667456395534326333505a7075413631316473755757353355496c535754677041593845576333316d2b315042446d6877304b5731315839495a4255637734324473326e68314b7176676c374d6e736979564b704b4573684b69794144357056656b48344d7a7638316141794b677057327032442b645531774b7478396b746c5041774f326877616f53464b6c76527138645155684549434c4a6d5949536f73676f54656e4e4761514a7a526d676445456f2f43346a776166636e75765a45672f43492f717539796d696959393970483741346f6232566969726b305a456f7534714d4e7a56326f59794f5a7762306d67354652445547317535614b57784573652f492b41486d3342614a435a547762555a467471344735543747537763725a30366169694b79686d716f5972744d674c75417a736f7351716562426959632f6e456275705a5a4b30684331624d4a7a55646b5733564d626e61464f6a444a636756515467346a4d46613666686a72766b3166764a58564557334653794f4637673274667856503733565271493452424958765a74744161656b323252374d3176636e2b5554366144306572323549416241366c6e56316861334a3359713861353857633243686a6a48616266394b776553554c7630644b78516d6b307a6b58594c6949756651616a2f646c5176777974594f6c5354442f41437976563557437979366d4a755a4771776a316a62344e333063613262504f76766656662f476c2f77423255345546534e61655566355a585a50364a534e494b312f6b503453756b6a394f51464c4d443855386472536e387938617449376c31456b6478634b7534327548433453377a5a6638644c325a30512b4362324a624b6552725165694c44676f694558596e47686c6b4a316b574342554e736c736c736c41514351414a774351444e506145693051563753614358714150744374514e326d737533614667624851397170316a7472626a4a4961324f3541336e6374336b354a53517a525356776157633330646f5846375a5a496d36674a6279624b786f672b7a7732313732614e796d5a685142456a34434263614e4a56694f527235587561327a58504a6133674c6e4a622b474e4a6670594c6b6c6b63546f304a7132592b46636d364a704d7452444936516e4d5a674e50454c6375476e594e3874436456656c5a614d724d6b4e6e484e5975546b39793861584b456c495664787a556a6e4b7538356f5271493439617863547363597078776765644f736659746478584a596e4a4e4c796732587679443968672b694e6b466457434c636e2f6f777a5353532f3258352f5662396233465548416c784a346c575977356f357437693473614a4354774a2b30714f52764e76637735454f74375346724655364d5a4f30513256536e7a692f57642b38566446694c6c5571544f456a6739336d7434384d356e7969524a5a4f4953414a4445536f736c43596d515344384b68372f4a5462676f35506c4d5066354b516a4a44394246636e48495168657166506768435641416c43524b45686f73346638735a332b525856594e2b4f7148394f7a7a584b346638735a332b525856594e2b4f71482f454d383179352b54743666673954634c414b4234566c7779554477764b664a326f717643676546616531517543436b566e42524f436e654647344a6a4b376d714637465a634647357159464e3746413969765061713732716b774b62324b46375663657851755972544a614b70616d4671736c6959574b724a6f536b6f704b326351784464647a6a6f306356486963645041375a6a473057664f4f71364b6b694748636e7a4f666a617270646a526f504d3936342f454a53393537566e467555396a536c4746737a5a6e467a795645526d6e753154447175396248424a3277736a6567714f52316859623031755333517235725a4e31347145754a4e7a6d6b5172534962734d3038644f4e7a54757a48616d736274584a4e6d67584b6a644b584f42475147675453453351357049414b30734a622b45753632724f466a667256756a71445475753357316c47524e78614e634c536b6d58646d3153362f3074466647697a6d79746b6b3279637a6d566f7875443239484d726c6c7479656a474f704e6f4c4a624a53504646724a476251414c4878533572427573305757794e465378436d353167657758633364314b386271526c6b56786f696f4b306d304d707a2b61566f726e786345454c6470704f6467612f6564555a456c75677875396d50736c31516c41575a734734717448494936554f4f362f6d7264736c6e76796f6d742b6c4952375653496b36334c395057307a4c687a7a647a6547685565327878364c67566e50625a31754373553371692b34354963464863714757553170666f7457525a4f7368496f614e55715643513645746d6e7431534250614d3044717946376668347671753979735241633430754632337a436965306d6f6a41334e63664a573665494f50534f51536b3651526a62324b6b3851664d357a57485a4a7951796e467655506774794e6a437931724a776848414c6d6c6d5a317877723655734f64364b3479686f326d6a6f676a4b39376856366c334e51756676476e61745361474e7241513637376e6162625467516439382f425a6d4a732b4141747155516479444a7445353655456b6b356b367145745632574e566e4d494b39434c6f387553396b4e6b577a48576e6c714131585a424f32514e5947526767444d395a577a795a78535367784c59593172684f51312b3177766c62785747304b33687074694d62744c50423971797952754c4f6a484b6d6a30796f64304d6973795752584b67375552424f355a636a393131354d5565765a484b5135516a4a4f63636c47537453527a6e71744b4c7155714a2b697045737250436a4e6c4b385a71496862497759327752594a55746b774732436369796341674b4541536d534f50313374626263546d6e4259745537626e6565744f4d64544a6e50517469656f71496a4e49512f61446d6743334657365445594f616243384f46744841614c4733715741664342617a7870716d59343873745232464d5273746533704e7634726f38506e62736872576b6b62317a3245624c71566f4e74543572706149746246594c79636e4e487165697a4f38755a6b63316b79536b4567713556796c724d6c6c4f6b4c6a6d6b6b4556534a44496f334f5453354d4c6c526f4b584c6b3852642f72413437684b503341756f4a584a596a6334314b37684d4c2b43362b6e35662b6a6b3668306b5848546644503634746e774b6455454765553858752f654b7a337a57635344713233745376713971556b377a377956736f506b776c4a57546c3352763959655370305878622f77424966636c394b62733237642f47333249704273776b473179346c614a556d5a4e32305446496e495532554e536f746d6e5752595556332f4b34652f7955796a6b483456442b74354b61794a4246636e464953325042466a775872487a6f6956466b4941456f534a55686f73304879786e6635466458676f2f7275682f54733831797548664c592b2f794b367642522f5864442b6e5a35726c366737656e345056434d676f6e6854754751555467764b664a326c5a34554c777244776f586849614b7a676f334254754368634d30796945684d63464b516f33424d43467a56433971736b4a684359464e3756433971754f616f5874564a67565378524f61526f4c6e6372626d49706f74717368754d67384f50594d2f637176596e325865554567677034715a70796a59472b4173754a716e58635630654e315050547536562b3963354f4c6b6f7749655a37555533444e4d49557843595175303457526c51792b73565932536f70593746556d533051626b4a7843533261304d77634c55785046316c583371792f354b4f742f75566343355652344a6c79534d30485970516d4157546770624c524b7839697231505575615259724f4255736272465a54696d644f4c49344d33343532794d46395537565a4d4d704673316f303739747075626b4c6d303654736e4a5457704571434d6b5753704752546c772b4f522b3044736b376772454d51686945594e774e366b415332564e747167555574784c4a77434d6b6f436b73573257617a6e334c346d6267536661744d41465533785273717741386c6f476557694979535a4d3437497150485337314e54446f48745679574c446754384c4965372b43475538484e68385730576b2f4f513537557973654e7156696c4a5a4f495357525a516945755358564a734141756e7447616141704768545a5644476a384c767545666d66344b354379344156514339513838474e48744b763033725a715a38476d506b36413450424d796e6452506165634c5745453336527439713132636b4a6d325936556252615341426c63575850514574614148467564376a63654b374b6d3555734d63625878757531746e4f747163726e7a5845307662486c65654e6473352b75355056464e54475678626263336a2f4f53796d34524669494c5a48755a7361624e73377272635778663032474f4f42707531323053527259334157517946314f317a68716379705463654761346e4f634c6d6a41714f53394d7a38764b66425a645867634550716d64392f6f6748334c7071696f7a7a4b716954614b33686c6d74374b6e686731527a395079645a55484d3145513475415667386b6f522f746b6c2f714262725835494a757265655a45656e68375268446b7047546c5776373468397172344a677670566264387a6d7362746e6f6a4d324c522f7a4c706d6b41584a79437a4d417171574356356e7149597335414e75514e2b637a6a324656484c4e785a4d73554979564733557536424957513978757457575747574c62696c6a6b62394a6a673465785938783652574d50374e33774e4c6b776c49536d6b7253696248585448706270726a6b6d6b4a736766716f314b3952725247516957794c6f47695977736e41494363416b4e4357794a574a556767625131573638576a64324c457173327254467959352b436c747575703664784c786e7656633671785465734f3164452b446a7865523165446c7867762b6356306c464d514c46633967545361636e3838726f61655066594c794d72566e7552344a4b7952706850465a4f316d7274666472636c6e417149384663456d306d6b6f42756f35587561414741463779477342336b364b6775694f716d4d55524c6464793569716b4c70484f4a7a4a7553756f784b41736a734c6d77584c564c624f4b366343527935376f715065647855447271647a6570526b4c755778356b723547416e6970596e6b4652374b566c3032724646307a52696b757a7355316c577063386a6f566141733278334779353379647133566a624a624a624a624a57464664392f53345031764a574c5a4b4a772f4334652f79566a5a79524a6a67755469516c73722b794f43586d324f46693046656c725044375979436a69714b596b355032724171705052797748704e754e784769764d446f4465504e753970566c6b724a572b625370655278663841526f73635a716e737a43745a43314a7350592b376f2b673768755643534238527339704257735a71526850464b484a4c68337932507638414972724d462f4864435037396e6d75536f63717950745856344c2b4f36442f454d38317a395164485438487242555467706e4b4e77586c4d3743753951754373504368634d6b696b514f4369634d314f344b4a77515556334a6a67706e425275564152454b4d68536c4d4b59454c6d714a7a56594954433149437557704767736463454231694c7134356a496f775869376a755659526c37374e424a4a7961456c4f304f765a516d6f4f644a4a6c4f66557137734432744a7a2b7974333053515250653446706238306a4e524163516d736e77716b2b5443504a3178306e4865307070354e53452f4b472f736c6443416b4a566432517531453530386d70502f414a4c5032537361716a4458467574737272756e64466a6e4863306e324c69616b456d3633777a636e75595a736169746a4f4c5568436d6379795a617876613637457a6a616f697162683469487a42627633707257574639366d657a616b632f5735756b3256625a6d6c754d73684f7369795256434250615567476163426d6b796b54784f562b6a6438494266565a7a425a5871613465303961776d64655064476b51685049535757466d715167533253325145574d514a7743414d30384e535930414371564132716f6b6932693059574175752f54676f6e77746b6c4a61446d66425447653433427462464352684c3357486772744f307830496a633062573365397337634670554e48444b5869584b7a626a4f31796f5a49534459673970334b5a5a6458354e6f59644b31653255694532796d65797959573256325a5552705145746b6f4364696f4146493058545271704764536c6c6f6443774f456a754a7466754838564e4430584b4343566a6d766178774f7938673957616c5963314c7664476b61704770444d32774330715a34634d3168784f73744b6e6b745a63306f6e516d6263657931755368715a526177554c5a374e315545736d30566b6c59364b4e6261367273636e3162726c56326e4a627062453375576d76543974566d755439705330576944464845304d75646747726b35785a3769446e746b6659756c7865554e6f6e4d7a7538322f6e324c6c3548456d787a46373572743664666d7a67366d533155644a796564624458352f6c632f414b7a4c7175666f4d556b6f6f7a45324e726d7564745a38624c61696d394a67456c72473969466e6b69314b7a58464e5368533941536d33515530715378627043556c30683054454d636d4a78534b68416c4151453442414342527a316b4e4e6b346b762b69335876544b326f4d4558513964326e557352376953626d354f704b30684456795a5a4d756e5a476a4e6a4c3341686b624767386379732b5363763155524f615172645153344f4f6556766c696d32354f624957356a56523649373164456171344e436e786d74706d374d4d376d44674671556e4b2f4549534e747a4a57384874486d467a615548504a5a537852666f326a3145342b7a75592b556b4665774e6b6a4d546a764275464c634454507358457754466a6c7634625862546847386d7830366975504a6830376f3950446d575256374e78673269414d3172304e48434c50653050654e435270324c4d703744745772547957584a4936477469314c5130383762506a4467566c56484a6e436e754a6643363534504b3176534147356c5570366f6b6e5a535461344d31472b5367336b666730707347796a736b545a2b5247464d6263632f3841377a2b433261427a546d6456636d6344477137732f706d34523163484579636c4d4e61624230342f5848324b4d636d4b4270767454487463507357355575733871415056393264636d7178512b476333424b4f4c4e6a585a63584b4b6f772b50567477527675745a7879564f59354a4b6372335a57695077784a49797878425564724b3555356c56536246645558614f5763615a41542b477767666e6552566f6a63714c7057785655626a6d4c6d396a327137464b325670494246754b7561614d38556b3230637a617946474a637378644b4a576e71586454504932486f4c626d3475434e345362534e704179566b78626b2f396f425446724a475749446d6e69717438724a7a4357473754627155746530614b6670694e6f424655736b6a4e326735744b334d44492b2f6c426638412b517a7a57577955504e69624868754b74306451614f7468715133614d456a58374f6c3747396c45334a7263754d497267396c4c546b6f33684d772f45497356772b4b746861356a4a52634e64714d7950637048444e634473704664775554677244676f58425355694234556267706e42524f4761426b44676f3342544f436a6345796946775443464b344a684341497945527332695475435570375347526b6e735178695230386c6255434f4f32303732446a324c585a53556d484d2b456541373531383345646978477a5378456d4f527a62697832545a493537674c6b3363374e5a79693236417531315936706b426769444761584f727531554a6f585175365179334a59706e4d794f6e6b705a4837555261637862496f56784b54525741542b5a442f567954417034386c624e454e6b6f58767070474e6341357a5341537351386b6169543171714a7659306c644f313253432b79555a7a6a774e775575546c48386a482f41507a6d66376f2f616f68794d6b633677725764764e483756315a753436703862646c614c714d69396d62775933364f61627943446743374562646b482f6370663948624e6d2f337a50384175663841755856786e6970376a5a557671636e30762b506a2b484476354146756d49743734663471732f6b504b335375596532496a3372754a6e634654652f697158553566704c366648384f4f2f6f5856664e7134543274495448386a363650506e5948667248374632463837684e6b65646c562f4979412b6e78484766306671346a3075625059342f596e74772b614d6937644f43365755585652375658646b2b536533475042534c63733030685476616f7945784e444c4a5145746b34424171414e556a592b6a7464646b6a51724d444f6d4c626c456e735842626c7966435830745054463372544e32725730546f734a6d424262473761476551577457566e3331784b4e3062656259477461304864595a2b39622b4259652b715a4a5049526e306368714d3178796e4a666c467561684335484a4f7771646775364e312b7452545570446930673341735176516e594f587876744d484574746d316368693062365446637741396d79646267354b49536e6534517a7879576b6332364a6f357872786e626f6e7275506464566e4d747557376954343675746655527863323177485236375a6e7857564b30584b37495373702b6d5579456c6c4935715a5a616d5957535379387a455862786f6e4251563432615a72722f4f745a4e4b33524d6e53624b2b476648535a366935576f3035724b7779356d6564327974554a354f517775346c694a7930494351733641586374534731677557626f37496f6e327a73714a38685574785a515367425a497370314c376c5174636e564637714a687a573657786e65354d436e62536a756c75706f717a507864784c476a646d7347515a726f4d53676b6b6844324d63344e31494379483063774e7a452f7643374d4c5369656631455a4f646f724d4761334d4c65514a4745394777493764466d4d704a726a344a793171536d6c6763376e49334d7542714573736b7a54703031646c68774230554a4e6c4d536f3343367752304d6a7569365570465a496854553870746b4141547745304a345359305a47494f4c353363426b7142437631444e70354a336c56584d73756d44324f4849726b56794568436c4c536d6c6857746e4f346b646b4a3559556d776e5971476f54746c49576f48774454597137537a4672686d715147616e6979495553566f337779616b6a753653586e4959336a357a5156666a6b73466934564958554d643977737446736c6776496b743650635474575865647546424a4b4156475a4371373333637053426d745253674f7356704f65437859744763316f766638476f664a44566d66566b4635737152647371616f50544f61707975797574556832534f6b7546424b62744b527269555030525157554a783067734b75754b6b6936364359644942594e655077673969374d504a7864537679566d65754670554c694779634151664e5a374739494b2f526a4b5144662f4662354b6f773664666f35666152744b747a68533834657065686f50463768616249526e64504577766d71584f4871533836556e41705a55587737686d6e682b355a776d634538564c743455504779316c5266326770347078625a636238435371464b38564e51324a77794e3732505574656b6f59616563534d424a4f514473786e334c4f5355567562776b355059395135476d2f4a576b7a7662622f654b32484c4f354c784f68354f307a58734c4848614a61526133534b306e61727a7063733349584b46796e636f6e4b426b4c676f6e61715a796a6345696b514f555a37464d355275434369467754437048585443436d42455530357151684d514248624e4c4b7979763064416168686c4a3257676b44725647716331307a746a3165315271743056524353666d6933616e422b56696d6f4f69716841464b78524253744f534761706b3230624a4137696b42756b337143307955464f6135525853676f4758493368447054664971474e31696c653634757061485972704364564138417053354e4a5649566b52364b6a6535534f4e3143384b6b545a4537525176436d636f6e4b305332566e6852467173756263714d7457695a4449624a5145363261634770676761465a674961344b4a6a51724c597752634c4f544e496f3071613758423744596a52645267324e52555647595a493358755464756135476d6c4c44597252696e625a6330725474467a68484a476d644c4679686a615868305477306b374f7a725a632f69736f727131395147374c5341414f6f6355633630364f43686d646347796a63554d4d494f346d6655576130674c4f6b4376314b705058544255676d565874555a436d636f6e4c5a4759304337674e355650453338394d32434c4e73575249336e65725a55596a617a31525a557474794a4b39694f696735695050316e617132334d714e535236684b5830306a53324c554973727362736c556a4b6e446c7a53334f6d50425a4431464b394e3237425179504a53555163686a7a6452614650756d455a72564544676e415a704767702b354a6c4461674e666838375853746162584453624532344c4b6d71476c72476870364c5143654a41572f6956444244424135727935373241754230485a6b735a30494c7a6b4c4a343552614d7074325255557471714e7a6f756948433979744f5a6f35357861526e6e6b6f71576b4c33674e74666664547a414235477a61785362546c7361785455647975516d6c53464d49566b4e6b54676b54794577335452494a4c4a64794e36594146494762517478545170474a4d74454277783068796550424e2b385572394a576542576e474e4663685973336c6b7542396d443552676a6b314f3738724862734b642f5253592f6c3431307a646c6f547762364b652f4d5034325034633344794c715a7a5a7452474f304a38764953716a462f53346a3346646651674e5679646f4d5a37465038414a7957532b6e787031523579376b6a556735564552385647376b6e563770596a342f5975766b4e6e6c494343722f6b5a437634754d3430386c3635752b4d2f7249484a36735a727a5a37484c7358324b7279415751756f6d2b522f7863615a6e5964432b6e7057736b466e416e657267645a4d6363303075576264376e5371536f6c644a6b6f6476704a726e7150617a54534a624e536c6b41563079585973716d646f72676c73785a5357343056616c7832696f4e51704b68344a4b6942567267516746696d764b6334714a785471777372314c693068777a57584e427a306d303435395336664473496978534f71644a5563305947427a5767584c79622b5758697353656d6c696b63336f6d78337262484a493570314e305644682b7a4732544f78334b7a525533726c743343326169664e564f79754262544a626d44303748345458794f46356d4d426137686b342b34707a6d3148646c526a424e556555705569463778386d4b68496c5141424f43514a516b4e467244522b4878392f6b5631754474766a46454e787147667642636e68325666476533794b3633413838636f422f39686e6d7554714f547536642f6b39614b696471706a6f6f336865597a7149584b4a796d634643344a44524535524f557a676f6e5a70444969464735537555546767736a636f79464b516d4f514247516d4f556855626b774c4c71376d734d465046367a373762766f35364c4f4b6c4931555a476146464c63593044614e72584a5479316f47655a343351305a3979523541395932344161715749545a423955353845417041357273674f78473943646c6f6c6155343855786f4a4e686d55343347715261433657365a644f7a514d65484b64734d723448544d6a4c6d4e3150442b627172664a614f48567a593661576c64367a6a745233336d325937776b784e744765585a6f4c7268527650534e685958526455687469754b6a4b63536d465553527555546c4b37564d634651454a53454a354361554152454a5145346936414651446d71654d71454b5276425130556930776771646a584851717377717a4736797a5a7168533251486570646f686f326b4236696c656f7177495a794e796f794b7a492b344b71767a5779526e4a6b4c6c4551704846526c616f675955696355314d5146506a54436e4e4e6b4d4579307832536c443158613677533752575469624b524f58334b43636c47314b546b6c513078684f6553515a6c4e76637152696f53593975536465365464645747773744396c7746396e6179344c4e7569786b6a354a4330504a63576a5a4855464a5234615a35674459584e7263536e306b484f754a4f5a4f597574656869324e725a42754e434259674c4b65545371514b5074684b78745053436e6c6761487844344f526d384863566731455a63387579755375676d674d63496d447953546b4f705a64524541536550556f7853396c704c54534d6c77555a437554512f424751444947784b716b4c725473795a4355307152795956614a477055494359436853734761694155724e51706b55693347625756706a72425532465474666b734a47385757577675706f335a6856577554772f4e5451374e696d633057566d5a39347a324b6a5341466f4a553037396868574c5147625558447a645243544a506e6b755371784e697456774f795976756f70484a75336b6f3376756d6b56593178555469687a6c47585856704532446e4a4743355448464f694f617072596b76513241553532746c56596a6f7251666b735a636d694b636f6463714d47775678316971636f7335556e3649596a6e4a74306c304b774a596168314f347561534136312b7579624f356b7a67516269327646526c6d32377061645373555541664b41525a7437477755756c754c636962687a6e4e32396b4e42347161457a306355384d52747a7a43782f7448765853306247733253574e6342596746526a435053716b4d59304e3276414c6e57647430776c53504345495176724434384571524b6742516e424e43634569693168337936507638697573774c386655482b495a35726b384f2b5852392f6b56312b424e766a31442f69476561354f6f354f7a702f45395a33425275557055626c356a4f7368636f33444a537555547445675245344b4968544f5554676b5751754359564b5532774a7a4948576b55517579335a7072696434556b6b6a426b31703754765664377a663162646951626738433253694b6b424a5563677365314e50304349796d6c4f53454b6b4d66477768686661347659646171756134754c69515432725444623461317742364c732b6f453256463475375141574379557259694e6732656b516e48504d6231495733594d73774648736c707564436d6e62476d4b4351374970313769354b545a4e376e6f6932705448756135686130337931736e5a5359313151305a4e425057726450565153514f6a7147426874305a414d77566e57376b2f614e7763786267695562516b3379614a707a364a36527474505432584e427a42334b715462657264445452314c51777532484f79423345376c5671496e30387a6f70425a7a5552713267546247756464312b49546270704b532b6130534c48335345707430585141464d4b5736516c4d42684361516e6e524e49514179794e3664624e49516d4142506155314f616b4d6e59564d7832617168316c4b783261686f704d74626553696b64644e4c6b306e4a4a4970736865374e51754f61653835714a7931526d325275555a556854624b69534d70453870715968716341556c6b344959446770477067546d7157576958636d754b53365171614b73414d314b315274436b6168676835794373516b4f6a63523631725a71416937564a447173354b30576e75644e7958773643756c6e4575657a45624454654d31304e46676e4e33654f6b313865643978334c6b3848724a61436f644c475162744c534364517571776a48493230327855477a783145354c46526933556a6b36685a6c626a787346646845555742766461386a59776239613547734555635a4732313769336f374a3050522f384143367172355155382b45545150446d534f6a4c425958335a4c693341764672624954635932744a665339784a715a566649573037347a6d31784237434652634c4b2f4d7934366c536332785738546f5a43516f79464b37564d4957694947495276516d416f556a55774a3764464c4b544a6d71567055445370476c5a4e47695a4f484a37585a71414650616330714c73313657577a51704b69626f64796f774f49436c6c6464717972636f71506b7a4b6963354a49656b6f793561554b7878636f335051536f7955306832493470684b48464e7572534a73516c506a4b694b65777073693979354736796e44685a564775734649483561724753334e6b78376e324b72796d35546e50554c3333564a457469424b4c70576a4a4c6f714174556a476e614c6d334161535462544c5878737450414b526c646945564f58467258333031765a5a45626941624855574b3073477252682b4b30395849306c6b54726c6f314e775237316a4a436b3561487035394857304f423756552b4b535777615330467646574b4844356d56545846704565646e41376c4a672b497831547a55414f6178387269435231667856794775694649447a6a51576e6a752f6b4c4e526936504a6e6d7a57302f77436a3554537045712b72504742415168496146536f536841797a683379365076384149727363422f4831422b6e6235726a384f2b5852392f6b56312b42666a32672f7844504e636655636e5a302f6965744852527555726c473565617a7249696f6e4b5a7755546b675243344b4e796c636f6e425355524f554c77706e4b4e79437945706c3839624b52796a6465392b43545143454868627243624d327a647057325678637a6d70414330444b2f7a657856356e517636444865476c31467539776f714856545530545a48336b647378737a6366636d4f6a4c5459684f4878646e657130625a48482b624b3563624466424a5759675a476378453359694a42493375747064516b68305963414f3367713969343757704f716e705348336a754d3144696b7469524e6f3839593533736d536c7a5735703073626765735a464e6534794d73343373553633734c4c6d4659637a4569384759734c64327a664b3275717256744b614b746654467763364d6a704451354a4b664570714835505a72726e4d353276596535566e545066493652376935376a636b366b6f555a57324d61346643464d7a327258476165776c7a37337a5463746f623171755253344c4d553759584e476559735659784b734e553249794e2b476a477935772b654e785641624264652b594f395353486e4969416238336c33662b664e54535452555752335358546d4d6449624d46796d4f4261346769784373736464463148744a64704d423130684b5339304a674351684f4355433651686c6b575530454574544b496f493379764f67594c7254717554733944687236757371496f5843327a4471586456373565315471514f53584a696b414943557043714b46757047484a524250616249476954614b61584a4c70704b5137474f4f616a6362707a6b777130514e4b61553870685643476c4e4b65526b6d6b494a455467556c6b6f4342706a6763303571596e4a46574c664e477054643663455541344b52716a4365335253796b57475a71566a434d7771374459717a47395a7374466d4b545a344657577a7449314b707473377137464b4744365378614e45797736567055547866564e79485832714a386843644362477a4561414b6c4941565a6336367253466178524c646c5a77555a436d636f79466f69434d684e4155684362334b68574154326e4a4e4363456d556d504254775647453461714b4c736c42556b655a554156694a533055693547445a45687954346941314d6c7459724832612b696a49656b6f7955365856516b725a496978784b59346f4a54536d6b466a5355306c424b5171364a73525059654b6a4b637732536132424d6e756c32736c43586f32736c4e46325063354d475a7a5358756b765a43516d79634644796f773636666262625a4c686c656859334670794e777254582f414d6c5a78446d477956736a72366f6c4378526c54334e6c6c533967364d684865516c4e5a49645a50617367504b634839537a376446707234655a49516866536e787771554a457151304c755368496c43426c6e442f6c3066663546646867522f7232672f7741517a7a5848346638414c6f2b2f794b362f41667839516634686e6d7554714f54733666785058547064527555703055546c356a4f7369636f334b55714a79514968636f334b567969636b565a453756524f3055726c4735496f69636d4f47536b636f79675a43516c73446d525938553436323471354d794844364d506b4166504a366f334e4846524f5357774647354f52497478556376526764784a556530584e633977376b726d4f356f4f494a79756264746b6b77336f68635351414e4237552b426742326a6f334d6f3253357741415470687a635969304a7a64627956574d6c6a653256743733754e536f5a7949776575794b586f42326552736f716d546e483951466b4b50364a6f6753487143564f4173505071576e41325068594e35734e556f61787a67426c31613353462b78547549466e4f4e6862687166636d524f4c5869533972484c74436c573159616b74686a6d6b50653069325a537364737537636c5a4959352b32646369717a6f3878593373715530396d54745a4e534f733838434573374e73582b634e365a4830486853764f5a557679737046485246304f314b6264616c32504254675648644f425141346d32613365543065487a6d38343235516656646f467a38704941484650706e4f5937614274624d6b4c4f536257784d74396a30542b727158616b495a46635a374a74667757466a2b4a4e6c6f694b616a416963375a4d7a325a6d2f425931506944354a6d63343075626654656531587364786d47706f34364743505a325842306a747749336531595267314a62454b4e4e4d776b464a664a43366a59456f4b5247394d4231304a416a656c5144584a6d716555776855684e6a5345327965516d3256456a556c6b38684a5a414462494154724a5145414e736c736c736c73675930424f736c736c41534859424f616b53684a6a4a476c5373645a5142534e4b6c6f744d7373665a534352566755385057625252507439616a6562706d306b4c6b5541306c52504b633470684b74496b694b596271557068436f5177684e73704c4a746b37454e736c5332533253476743634e556c6b6f534c5448445657497a6b7134315530616d52614c54585a494c736c45484963374a5a30585a424e6135736f464c4a6d564551745551324e4b615534684e4954465977704c707843616d4130364a51624a446f692b5366496853374e414b5a76547232525251362b536153676e4a4e4a525157534e4f536b6156433070344b6c6f704d6e4242794f6152304c546d334a52423169704139545644354775593975354e326a665254682b5341576b36424b32476b38785168432b68506b675370457151304b6c43514a6445444c4f482f4143325076386975767748386655482b495a35726b4d502b5752392f6b56312f4a2f38414839422f69476561354f6f354f7a702f45396431436a63704e79593565597a7249696f6e614b5a775552534169636f6e4b56796963464979467754437043464735425a47564735534f53427063513043354f51536577787344474764764f45426736546a314256362b6f645756526b646f6442774130436e7132426b686a626f7a3133635477397971444e31393557584d745168724a6d4d713467396d314777677662784739626550637852736254553747746b6e414d6c686f77614476506b75664175584f49363150505550714a512b54554e617a77414832707546744276596b4d65334b427555315a533745664f68785030722b6173306c4d47304c366d51433776567564326755645a4b3572474e794c5874333539525536726578526e4e4a62452f6a64514857366d634c526b4449622f41474b45416b354c65496774664a44694c32734c63624a5743373764535633517a336e5165394e76304a6c6e305179556a58333075624b724d3078686f4f7469626464795063466f345a4a7a57793258315848496e636a4761506d396d5a72624e304934465a786c55715956374d754d375132532b3174436c3258744f5a6156477a6f6e6133614778512b37446655485172567870374357354d313433715233626e31717646306e58497947616c63374f39314e626c4a465a374333554a7173356e55584255636b4a614e6f657276366c615937496b357073626c4a6e6139736b485049617168697a32456f623946725237456f79687470744733762b78465662306d53326d306b6e62737851742b6b43342b51386c4b39456a2b664562646d49356e567739796a43526a53397744576c7a6a7756715044366c2f7a47732b75344e51354a63736149456930716a4261696c6f33564d6b734f793058325134335056707173776e65694d6c4c67704f78557162644c64585178626f75684341454b5170316c587161677839466f4249317568457430533253454b6d4b2b516e4f4e7037436e43754f2b4c2f6954334a744671794c4b41566a5471776a76547653342b42527550596c736a5a5566705557384f48636c4654456550676a634e682b796c736d2b6b5258315067554361492f50434e774857533254524c46394d4a32327a6334654b5177736c5143302f4f43646c7853474945384a414c364a3443544b54464355464a5a4e534b736674494a544c705555416854436e4f657867753932794f74524771672f7442344a6974436c49516d2b6b516e386f50424850772f5448676a634e68624a4345633946756637456e5052665339694e78425a4b416b35324c36587353632f46394c32493348592b79564d4538584539774b586e6f7a782f5a5275505569514250626b6f75666a47382b43583069506737396c4b6d4e5452506449536f6653342f6f762f5a5347726a334d66344a557836342f52355443456871472f32636e676b353048356a6b3978613042616d454a786b2f4e4b593535334d7633707178366c39476b5a7043457731423352672f722f775552724c48314231394a4f6d4c584836536b4a434d6c50557843436c70616750613456444e725a44686470476f506971706e596d69724857516f7a56524435795131555250724a307832534a456a5a6f6e665041376b38474e326b7255754270574945743038524633716c727577704852505a367a53457252564d416e41715076533351496c446b344f55514b634e564c5137504f4549517666506b775370456f53476852716c5344564b6b786c6d672b5773372f4972734f546e2f414b68772f774454745848304879316e66354664667963502b734e422f6947726c7a6e62302f423636644578796b4f695956356a4f6b69636f584b636a696f6e744f756f366c445930517555626c4b564552636f47526b4b496a5053366c65646c704a79576c51314c4b66444f656247312b30656b642b7476596f6c4b6b4f3652694f424c5337634d6c4e526e6d512b71654d6d446f413733667752574d35326f664a4648734e646e59626c57714a6e4f613250494e627555573562476c45456b764f764f306376656f5a486a5a4e7376656832523755773536713067474d3146394e54335a70596d4f6d6d6247334e7a6a612f765467776d4e78346a4a54306b4a6a4573354e74694e327a326b5776375168757245545656637952374b53466c6f346a6261507a6a70354b53755957307a486147354863656b504e5a55584e7465432b544d485332713661616b32364d73646d58744262316c725237722b437a645243397a6d546e635741344b4632546374367453744c446678376c432b4e32315943345773576874554e68747448617941336f49456c52306377547653755a5a6741314776576b6a6273584f394f2f5a4a4958473233657a426f4476562b53716a71734d6443543067434266582b663533724d6d4a79414973414c6469676a63576d3137412f79464c6a61427470574d76736e694e3454767a436274646d3038456a6d6c373346726439306a546c736e516e4c714b334569616e4c6f79346464694370484d326a647566357638414f71526f42365674624b53797a5a6f4f705a346f37736530453853466461326e666f776432697a33374c6830737a75634e516f7739385871757546446a65354c56425877434359686e78627378316351713054673256704f674f617456465132656d4950724e4e7771575a4279334c574e754f34796171477a5679645a756e5474443577317a7468735554626b384e66656d75764c46484c3834445964326a52547a736a6341392b3062675a41327a4174354965775556487a4f6630593238334875413150615531724358433137717748526a31496d6a724a5572756852506b63316f6358624c62442b654253316268525766495341774f36493970544d6b33515a61626b62533171686a376f4254627051557748337953684e756c434148684f7766446f73573551515556513534696d655134734e6a6b306e4c775451726e4a544c6c6a51332f414c5233376a6b3471325a355731427448584f2b356a67723832566463772f57596638416c554c76755755503550453667665759302b566c327a5170414632764648346556335a2f54677639466b47374670652b4566616b50334c576273575066542f397939417369796e74784833702f547a302f63732b6a69773736663841376c476675577a445445346a32776b6539656a57525a48626a3844767a2b6e6d782b35665744316351707a32744b6166755934694e4b796c506537374636585a466b64714a58386a4a39504d6a397a504578705530702f57643969596675623475446b2b6d5036352b78656f57525a4c7452442b546b2b6e6c332b6a76475270364f663878496675665930506d51482f414446366c5a43585a69502b546b504b7a7942787761515248736c4361655175504e3070476e736c623971395749535753654350306638414b796630654d346c6775493451574774676445483332547441676e754b723976426435393064674f48306272666c6e4432667758436268324c6e79515558534f2f70386a795274694a5155314c645a6e5155363062557251375379375844667565346656346454564d6c5856423030544875414462416b413778317269717a317631563746676e346b6f50384e482b364674424a6e446e6b34384850732b3570685131724b773937502b6c5344376d6d4437367574503637502b6c646330425041576d6866446b65576630354966633377515a476173502b597a2f70536a376e474344575372506249332f7058576250556c4154304c3454334a2f546c6d2f633877467075575475375a6c494f514741662f486c50624d3737563032796979656843376b76707a6f3543636e786c3647342f35727674546879493550742f3248786b6439713641424c5a505368613566544248497641502f41494454327664397165336b6667412f397469506153666574757752594b715161356654472f6f6e67492f3973683971582b696d42663841387944774b324c49525344584c365a49354d34493354444b6676616e446b3767343077796d2f33595770594a624955552f5174542b6d614d41776748385730766645314a5051344a51516d65656c6f59493236766647786f4865737a6c52797a704d426a644644737a3156733233364c4475763139586a5a6551347a6a39666a4e515a717164377a6332424f5137426f4f35533342624c646d2b50464f6537644939437833376f484a326e676b703653696a7269576b433851617a32352f7a71764c367176696b6c65364f6e696a61644752743649374c335652357a76645176553162334f754559346c2b535753756b335a42566e314d682b636b636f6e4c534d554b57535830444b382f4f54444937365252644d4b30534d6e4a696d56343065516c46524d4e4a4434706853585655686133394c4c4d51716d61536c58594f554e5846725a7757546446314c7877664b4e4939526b6a7849363269355159625575444b3649785879357950496a33487757685530504e77437170355731464d66796a506d396f584137316577334636764370672b6e666468796647374e72787749574d756e582b4a307736792f4e48544135703456616e716f36714d545241746134354e4f7265722b66344b7730726b6b6d6e52324a337565646f51686534664c416c43524b45686f55617055673153704d5a616f422b4752392f6b563175415a593951482f3744504e636a5147315a48332b5258553451387478616a63334d695a70486975584f646e54384873746b31775766533431484e545376655774664648747533413563504478576a6b514471434c33586c335a315552454b496a65464f3464796a634e564c6f70465a7a63314734455a57557a7a6e6b464558426c3345614b64774b6461646b6241314a7a545831577a6878674677585075633962414a7370323358646c76554d674a646132354b6a53694e723551345765516479632b37686e34705774733636436e51374948433454595975646c324c32797955706169437a4b686a794d6d6d3537454f3632454b396870775753687531664b78756779457776617757446f7a35672b355256737270355449425a756737457947556741484f325276777373394c30324a6c5173326a59583157335559744932706859425a6b4132434c3635334b7241777850424d5964733856556d6348486e4150587a372f357571382b515650633171796c35396a35345143307435775733385654707153536f683577437741336c585a577670634f5a454e7a51313174784e79664a5633317249715a6b4c486e5a4c656b31757179546c5778636968554e35716373424472445561454b427864746b4e30616e375470706a493677754e4f415544674c6d34477136456947505053614144637479376b313051414f316b6e5179417574376b366f734937377a6b6e7574696276596962634545484f79563864326c37653863464377374a56706b6a4e6d3978636a4d4b6e646c6b6c4d31736b4a4c745164653350334644756a7679534e416247396a41646c34766672475939366859387562706367584138776f72324f78354b6a6336796c44432f7742584f3753374d37674c6c5633454a6879527953574f59375346715958444473334c51376179646665466b76463159704b68394b30587a44786341496b6d317354777a6664686c49496e624c646e614765656e576f594952527a4e4d6a593541317432375175446c6b73352b4d5375706e374c533036587570344b36474e323157376239686735746f4770307a574e535333485a6172635466504561666d496d6265575452657978363657355a413039475058726364552b57704e6e564c72626368495942703139775641754e7a63334b32777770464e67554a4c6f75756751363663436d4a3453416345344a6f546767423456336b71332f5843682f534f2f64637153304f53677679746f6a77653739317963664a476558775a36323153424d61704176525a34777145495567434c495370674a5a4356434145516c5167424549516b416945705349413544376f76347370522f662f77444b56774a43372f376f6e34737050302f2f41436c63435678352f4939547050415a5a496c5346594859564b6e316a324c32544268624271482f41413866376f586a5655656b6578657a344d50366e6f757143503841644333786e4431426f415a4a7754516e4c5934525549516d6952526f684130516d4149516c5441524b68434142496c4b5241426f75613558636f786864472b4746355a4957394e376457413641666e48326138463055736a59594879765052594c6d793858355a346c4c5734732b4a3737694d3363426f58485877466773736b6d746c374e384750584b33776a4172617553726d644c49546e6f4c354255586c54534651504b6849394275694a355554696e754b696574556a4a736a636f334a3555626c6f6a4e6a536d6c4b536d7252476244636d6b6f516d49454a4549415643525044435263416b645341354e54415a76684a4953637262514873506d74304c6d4d494a6269555858636577727062726a7a72395765703072754735774345495871487a774a516b5368496146477156494571544757614835577a763869756e77554354474b4a686547625537427448646d75586f766c544f2f794b32476b6a4d61726c7a71396a7336666739413555514e77756e62485431634a4a3644324d6b424942746c6139786d46546f6e636f613176774e54557367594d356e54466b62523962542f77755970712b73684c65626e645961416d3448635673775331324b506161334565627077375a6336516b324855306677433833744f43717a726362334f6d777a6c44687548772b695647493146644e7445766d4c5335742b41767579585262545a47427a48427a484461424738626a37567a464879527775646f66426a496e50357242355858527777436d705971634f4c6845787241346a317243312f597333586f454e6546424e36746c59636f4a4c6e4a4a6a584a5563774b4d74797677566877366b6a597735684a7955746d685549545372456b52626e753471485a752b326d616467576a682f4e30375a6e67764a4679426b41466e3144335064737473316f30414330717574664e544d694c577444623662316b536d317a33425a787475324130454f63574851364b4b7859354f76745a67356a327035484f4e76664d61725467474e6366673375366b796b2b4563317472374c77514f7134537664654a774362683178584d79794e77664e506c4d4679614f4a536b504c62354464784f672f6e725756367a68745a334f6176596d627a6b4158754c2b4b6f6e5a5a3175386c4d456c45703773664732386741463972494b58454b626d7656476d74676f3448474a374a637957327956366437616a4f39773574726345704e786c594b6d6d5a45497338396964556d375767484a4b34474e7269526e732b39514e65583945397931336b39534d744c757872636e4475557247326541546b646330335a36514a5137494f3845356237495a32356a77643044525479307a6d3832414773494c676550466372393736754b5378684a3258587532785759317a6d4f446d4f4c534e4343756a77716f6a726f65626b6d45557a526f63673464717a304f466a5361354d3851794e456a544735747377435046527567456a43426b3763517436574e7a473553787944674867724e6c677553364d5a747a324f48597031574d7858677475434c464f6a64744e4c44726537656f37314c5775356d70624a62615a494d7878746b6c4e4c7a6b516d705837625238336543744c74575379764b39705a734e62596c317a324b6437756463623552526758634e35554c6d68727563635130472b316663516f4a4b74306a67794d624d514f5134395a564b4f704b684c6b664c4b5a486b364452726541344b4f393070534c623152594a55495141716345314f47714148685042555954686f6b42494670386b763841315a526658642b36566c68616e4a4d6636313058317a2b3655317a2f414d4979654450576770416f326c534452656b7a78685549517041454a554941454951674151684341455168434142496c534a41636a3930543857556e2b492f35537542507658662f64442f4142565366346a2f414a53765033616c6365627950553654774770436c5346596e57557172316a324c326e43507854522f6f4765515869745a7137735874654635595a536a2b355a354c61484a77395158676e424945713252784370516b53684f695151684359416c51684d4151684359416d6d3930347045714179755545346a6f6d7858414d72674432622f637644713664315456793144745a586c353738313748796f6b32626d352b44684c757a4c2b4158697375527375576372794d394c706f36635a586b4b6765564d3871423557694e4a455a4b69637048484a524f4b31534d6d5275555a5433464d4b74475447464e54695530725167516f534951414951684167546f35485275446d6d316b314342707463473168526f3671726a4d7278424b44634f4179506174696f696c706e374d6a6463326b614f485556787763576b454c704d48786c6c54542f652b755052646b782b3970346863326144386b656c3075614d76784c6b343143454c305477415370457151304b4571516170556d4d73555879706e6635466249574e52664b32642f6b56744e433538334a3264507754514e75344c6f734c703864704b79476f77364735634d6d6c374c5061647861546d4668307a656c653269394f78486b37533474684650537967736c686a41696c6271773238757063457066716d646c666e637430764e566b573355346179436f5a71437765494b734f466d354b6a674d65497759623650696c6e7a784f4c5779413335786f30635666637561577a456945685275615848495a71665a75644c7159785230304a6b6c75343374736a6a775553644454334d376d693432445354314a6a377864467a533332717761325a70504e6c73594f344e565754706d37737a31714e7a52583742726d324e6a634b4b574378443236457038644f3257545a4c6933496b454a655a6d6273682b684f5357704a304f69724d4c4e42746e6f46526b7a4e75433071357469335a475162627356427a5363374b6f50594b4b2b7a775467534c3561715a6b526b505230336e676d54374458325954736a4b35337172743049686c416178336369677a726f2b7370306f504d353635496f572f686a486268667956727859782b497650704a41314948685a557663724e633762716e75487133414757746771784355646b4a386b7a6d75324273675a415a6c5355774c6f396f584a62716d6e347347326f4373595536386a34336650424876536d2f7754464a75696c56354e4147384b6e6178754e56657847776e4141734c4b6e76576d507852576d746955365834714f5468336c4f326747645955562b744e4c634b6f61516b4263317763306c7047684230546a716d6c574d767756394d3467564d4c6d45367952456a78436d72713030745047366d6d35356a79656b374d6932355a4e726f6b44765243426f486a51627a6638416773336a56324a75687458587671345248497875303131327547536a6f3635394d3850626d4e376236684d4d4c794d78627479546d777462643139725075562f6d71496474693145306c5a4b352b7a73744f64686f454d6a3252754a512b516b42724d754b634c6b4a7234556b43524f736d7168696843454941564c76534a64364148684f4769594538614941654670386b3357355755512f505037705759466f386b7a2f726251692f35512f756c4c326a504a344d39646170416f77704176545a34347145495567435649674941564345494153364549514149516841416b537045674f532b36462b4b71542f45663870586e784f3565672f64432f46464c2f69662b567938394f713438336b6570306e682f38734c7043556c3045724536796c566e704f3746376268777451553434524e38677645617333633773587439423868672f52743867746f4844314262436345304a5174556351354153424f43736b5649684359436f51684e41434549534145495276564c6b6b35546c592b314a5850766259684c522b7976477044765872484c4b634d7747756c49505446737573323936386a6536354b34496671556e2f5a3747506143524338714635556a796f586c644555544a6b6274464734707a6a6b6f3346616f7a593178555a546a5a4e4e6c6f6a4a6a536d6c4b55696f6b516f516b51494549516751714c70454a674b6c6153317763306b4563456945696b796b68434630484543554a456f534768557151617055686c69692b5673372f41434b3347425974426e57526a743869743167584c6e644d37656e58354e62413662306e454b65416a4b53526f505a664e6572456c6564636b496476476f443944616437503472305469764e6e757a746c3651457070315370436f6f676d707731725854504e6d74564b706e665553625474426b427755307a37514d6a42367971726c6b6c6537476c3749796f2f6e6132556a6c45344b714e4c4e53696f497a61654f55757343437a5a735239697159764f496d6d466a687437524e7766564838565463353235376832465175763272507437324a575675636c42396336705249353532584e6152325a70444b36784a49794844656d683769317a6e4735766b6e51795359374d59746c3164537050424a755650744f50524a766b6c6c62737374664e4f4f7a334879514147546f41334a734264616c48536d4f4a7a35477444527266654d37352b537a596742494e3261317358647378557359645a7578636764795537744a416e526a47655148585855626c455762627368612b354f63636837552b3278736e713056765a435972326b5173797a7462326f676b3948714745477848534861703352625645486a35705067716278667530546a2b6f30432b6b6d4b42727032794d395637626a374651497a5537334677414f3552466151564a4a6c506b6a4b52504954534c4b304961703436586e326a6d704746352f4a764f7953656f6e49714779524a674573556b4d686a6c59356a7871317773564c537335794371326657593172782b30476e3937324a7a4b715a72424735334f526a356b67326837565a704a61526b6b684448516d574d73634c33626e37526d4278536232436e5a6b5342316954636e4e54564d447155756a65335a633234493446576e55736b73764d774e3270487532476a496136483371626c4147737857585a73576b62666a7638416170584777716f786d526b445377346c504d72576a5a614e6f385531376e4f4e795531624a414c7a736c37683548596e6d517a65746262417a494672714a414a42754e796449566b6f6638414e64347031752b2b6851344234424131534e4a5962482f796b4f78534c4e623133387967617030707534577a47794c4a6751674868504359436e424a6758384c772b54453631744c47344d4a4730357a74476a6a6276486970655377644879776f3250466e736d4c584467646c7749577879644e4651514d714a4935487a7a4d7663484944614974627543703041672f306a306870593352736b744b344f647462546e4d4c69666237556f62796f796d2f7741733953436b436a6271704176565a354135496843674151684341424b6b5167425569454a674345495341436b5370456d4279663351782f5539496546535033584c7a7375586f763351387344707a7771682b363565623358486d386a302b6c3842627043556c30465a485755366f394a7939766f506b5548364e766b463464552b73377358754e4150774b44716a62354262514f485079693245344a6f546774456359354354524b7152496f30516b756c564143454951414a5569454346545a58624d546e63415571677258686c4b3769376f6a722f6b5851335373613364486e333351716778594532454f47314c4f3045587a7341342b594338786b4b3766377046534856744a54416a344e6a6e2b4a4139793457527934734b2f4e6e72634b694a355554696e50636f6e4f58576b5a4e6a43557878536c4d4a5769526d78705453557054537252444554553636616d494569564967514a45495643424b6b536f414571516171534e6e4f7974594e584f4153475a364569467563597156496c53476852716c534a51675a617737356448332b52572b3356632f5142357132694d586459325730324f7379364e7530674c6c7a71326433542b4f78337649576c4a6450574564466f35747657546d665a6278585935727976433852785768707a413346505259723332574e75622b487656356d4f316f767a6d4e56386e364f7a51664665664b4f35325535486f396b783253352f6b6e58564664365536536f714a574d3251424e4a746b484f2b3457572b37525a4e55513152464937614e31473752534f54484b526f69646f6f334b55714a36525247344b4a796c646f6f79676f72505a6e706b6d505a593247387177344a6862664a4943427262754639796a755a484545363349566f437a67664557565a77325a4c7433484a4335476b4b336f6c7036315a72726c73642f6f706a34396c6f64754a75464e58644a72434e4c6d79546474464d7a48444d715566464d63643258382b4b61346171616b62746834794a41754f71797153324a4c56444874305a6166564c6a345746316c75746e62526130704650685144546e4b39326641582b774c4a497370784c6c67524f47716a495578435951746b42465a4e4955684353325359794d68466b2b7951424d4274733149786d30514c353346676b745a644255595561654444587362736e5a61397874653769344850764e6c4c6c58495769765434625755316454506c6f35574d654d334f6a494233334f346275436f593478374d52655130374969613235463867337956356b324c5630373379313837343447383438506c4e693062726470576b5136584271357a7863696e6b734239556f636b70666b6c573175634f525a4970547a672f324f5539715938796b6a5a6f6e7474714c362b7861574f71473773776d3255673534356569532b50384531776d76386d6c486638417754465173623747784f52553167517170452b366d6c2f6e755573543577624f70354c636249424577633972434178726d3273622b616a47536b4c6a73427a493345377763736b31357149334f61326c3578707a423264316b6b41425455384574564d7947467063392b677662327171545661696b63504662664a4d542f6653535357457344496a736b39726664644b547057466d375155676c675a467473443434517a584b3441766e326a32725077794d732b3650524e49494c4934326b48394550735538385a6a6c61353254487432674c36324161664972447854464b6a4165574a7249324e664a434737496544596a593265504254696636334d386b5731736530415a703430586b762b6c6247534d714f6b4863373756473737714f506e4e7356495031443971394635596e6e646a4a3850586b4c78382f64523551665270522f6c6678544439302f6c487564536a2f4a2f696c3349682f486d65786f586a5a2b365a796a5035576e485a43507454443930726c4b66397168482b5331486469502b504d396e5176466a3930666c4d345a567359374957714d2f644235546e2f334d6a73686a2b784c75784264504e6e7471504665492f303835546e503737502f414e327a2f7053486c31796d502f753076374450735233596a2f697a50622f4643384f504c626c496463586e38476a334a727557584b4d363476566478434f394834502b4c4d397a534665454f3557386f4861347a57393070486b6f7a796f78342f3841764e662f4150706639714f374834483857583039502b364b372b6f49654870546633584c7a54617956537078624561316f6256313954554e4275424c4d3534423779706f6a3845322b746c7a7a6c71646e5a67686f6a544a626f766b6d5852645a6d396c576431354842653630517453512f5562354c77536f66737a456e63563355663357424645794e75436c3279304335717266386930577878356f743848705953727a582f53342b3257424e2f2f414666396950384153354c2f41507732662f71502f5174453063335a6e385053307138304833584a502f346a662f31482f705476394c6a762f774345502f312f3969616e45585a6e3850537249586d342b3634662f774347502f312f3969635075746b6a38522f2f414f762f414c453963666f646e4a3850526b4c7a736664594f2f42502f7744582f774269582f53774e2b43482f7744562f77426965755030585a796644304e4b765032666459702f796d44796a3673346435674b5a6e335663505072345a56447363772b394863683944735a5068334b6f3471363063593362562f353853755a483355734833305663503147482f6d57673348494d5877396d497852545177467049456f41645948674365462f425a5a736b6532365a5750464e54566f3871356131677175557454736d346974474c64517a3974317a556a6c6172366c3156575431447a6430736a6e6b32746d5354645548757a31547878704a48644a376a584f5562696878544356756b5a4d516c4d4a536b70684b74497a624170705264495652496c30495349465949516b5445434549544543564968417852717275475238355741376d446139337656494c5877686c6f4a582f534948682f35555464497543746f357443454c704f4545344a715641304f425370716345686c3343584e62694d626e454141484d6e714b366d6b62365a557830384a44704a5842725265317956795748664c6f2b2f794b3748414262486148394f337a5846314b563265683073326f74473344794b784e35744b2b4345413733467837674237316f773868595166776a454a4a4738493467772b306c645875534263467336584e7370595868464e6738556b644d5a58633451584752774a7937414661636270354b5956444a49334a6a6c4956473756525930527555546c4b35524f514d6a636d4650636d464d7044436d46504a54436b4d62627058554c3233636531547134794a7273496d6673446144736a6272435432485a54716873686a526f706167626445783436696b72526b7a735374365746752f4e2f7743704c6d6d555a35437334573047716333365466735663716168667a64597735574e786339663868584c676b6e7856706a67706f7964785074575756657861666e71797747556241306566765645364a775835474d4954536e6c4e495667526b4a4c4a396b6c6b414d73697963693253414c75485955635167714a6a4e7a624952756263754f74746578623831575a73426f4a49694c6d4e7a4462635130672b305838466a34615852595855366a6e4a4142345a70324450456c4a56307254634d65486a674e51664c7957556c65354e626f6c6f324f625256386e305932732f616350733971306f476b344a5648667a4c2f414e3072436d6b657952734c5876416564707a62394532754c726f71466f6b7765634f304d62676579796c75696e61566e444d7879694c51584356743932786f6e48477145364f6b2f594b3242673247415a55305a37377050764e687850795750782f697275427370544d55347852485752772f554b623939714c644e374374373779346152386d6938543971543777595966396b6a376966745170772b4d4e557a45474a55707461595a38636c597036694356396a494d78305343446d7457626b37686b4469786b4164493331766f6a76336c4e6a7732467a7758794e73775a4e4274627853636f2b685732724d3032624a6b416262787655547168744f384d6b42455a5051667574754256717067394871584d6162742b6165722b476e636f6e4d613446727743303667713154524473634844555a7255774e3446584b4c45336864613347345744437831504d61636b6c6c74714d6e573342644879556945754c454f4632383036343777706b6c77456d744e736b7132374d6b4c4d795448634468744575486e5a59334b71466a73666b326d41674d614c6b58334264426a315246545967396a472f434d6141334c4a75517a37624c42786f486e6f6e463179574158336b32467a37556f374d6862717a4c464e446234706e676c45454f304c777374324a514475754f78536332363138694f4b304852586c686844724e69594f354d454d6630472b436b6b4232733067436173597778522f5248676f6e474d664e4867724a475371505a737549564c636c69463762657142334b7a54774d66474876594d394d747967685948544d42304a7a43307241473342444245584d786a526a664249596d2f526170545a4b4841437861443171624b7045484e74487a516a596239454b517071597151336d322f52436159322f524867704f3636506d6732794f68747169776f6932527561416d6c536a5a44756e65334275716a646d53526533576d676f616c51316a3365713075374264504d4c6d686c334e446e364e4a7462744a794364697179423950464936376d35385533304f412f4e5069724434704933576b5957384c3648734f68535754735657516568512f5250696c394368344878552f6a34494759756b4645486f5558467950516f2f70503841456659724e754b544a44663967562f51497a3839795555494a4670446e784838564f6c42737074675430504a6576784b6d665053633349316a3968774c746b3373443730352f4a4448476637467466566b6166657533354777695041524a2f62797566627336502f4143726349736b325a50493036504a4a4f54324d7865746874522b713361387271744a68396444386251314c5072517548755873566b7558424b78362f77436a78527a6730374c69476e675459723054475a6d5950794963773751634b63517447684a49742f48785852314c5747427765787274717a41434c356b323936345037703963474d704b42704975544b34646d5138796d6c716b6b47757a7a7552797250646d704a484b427a726c6438555a5359684b59536c4a544374556a4a7344716d6b6f4b6156524c594a436a6368416754536c516d684d5243454a6b67684a644b674153704571426968644853302f4d555554534c4f4c626e744f61784d50706e56746644547441764938444d3248586d7573726153656c714830395247593557477a6d486366733639467a356e776a6f77723265656f5168647835674a516b51674277537071554a4452627737356448332b52585934456636386f663037504e636468767936507638414972734d427a7832682f5473383178395279643354654a36316f6d6c4f736b746b764c63714f6f61557771516a4a524867636c6e4b594341416a565175305477384e7a4a314e696f337641614c6e4f32667457537971786f59564735504b59343257316c4562744647564934334369636d4e43464e536c4e564959685774687a47793462497877754337787a43795372394b2b527548544d614341346d7a68754e76344b4a72625962566f723177504e773772684a446e6873773766494a6b765038307a6e6d4f61426b306b626c4a415036766d3744354a4c675a6e6c4e4f527954696d6b5a7255426a7379536379643659644649516d4f436141616b4b55354a4c494161516b7370474d6449375a6a61353775445263713744676d4a7a32324b4b5850365132664e4d5461584a6e624b554e7a7a572f54386a63546c49353130454c6672467838423971306f655138492b555673722b4959417a2b4b4b624d336c67765a7a6a705a4a3653476b70574f647a6262754146795845334a386c6f5950547a774d7148564d595a7a6741467a596d77344475585178386e714c44716552314845524c732b7535786354336c5a4e4e41353837336b4f64734d6353625a614c4b6478324b686b6a4e576a4e7259746d4e7375794f6b2f5a42333854352b78626547786b34524b3369776a324c416d6c664b3572546659613437494f374e6450686a62596547324f5957624c6c346d43614f555848523846413572577a47486e497a49476878614e514374325843672f53575a7659386855592b54634e4a4e4a55516c356c6b48546339784a50656d6c394e464a4645516b2f523846646f344f626b4d32303238625335747478746b564a51307670774a69654c7479494f5238467355574346726936577a6d32494c534e636b6c42737a6e6b6a464f32637939736a6d746141656c764f683756473451736a4a5938456d2b674a327261395373386f71786a706e30734a74433131693466504f2b2f666f7141627330394757456e6f4f4f58313344334a754b587331693753664179567a4b6c68595742726d6937434276475a763358377746546331786a6c6379343574686534355841473464643742624648417831524551385049505374367262667a2f35315458554f467777675645307269345865316f4f61704f684f6a6e474173714e71586e48374c6e574166653139317a71463150496f383769307652493259547636776c7737433842727075616969714c3853584e393636664363496f634b65393950475775654c456c35646c777a564f53624d4d73314744696370796842666a4d2b6f73523542592b4a76664c4a413037546947654f613373656a64392b4a39356334456541564354446e566d7a74744c437a3158744e69457256376d73562b455a554e4c4f2b2b7a473432463878613365726c4c54794e6353364b5231324f4779324d754f6253423161323333336a635671513449794d38374843325361344c512b5a34424f386b353539796b697771736b6e4d30744e5137524e376d6157547842734661702b794a503463374c6838306a77593437624973386b33736464526533444e494d4e7151384e32435477414a3773742f324c7248596257794e422f41424d33347478707934526761624932724475736f5467474b7a557a6f4b6e4649706d767a647a6b556a6954323835354c565554726677356c3248547476744d475858665038416e7a55636d46796b674753454f79793577587564426e7033384375774742563753437a46495967334a6f696f497368774264657966393561346b37654e5479636667496866743650656e2b563746726c384f5069774b716533615a4a446b62334c7265475761736a434b313562614e6c33334947324c32585176354e4f6b6135736d4d596757754e794779426f50675035737050764578314d61615373725a493347377471617866327546696538705363666f303263353934635276626d422b323150484a374544756948624a2f42645253305546445474677057434f4d584f7a744539747964653952316c443659774d394971496262344a53776e7474717372566c3263372f527976497a64546a3964332f53732f456147624442475a33526e6e4c3244435470612b6f484664474f5463625474444573547678394c6370735477656e784f4f466c5135393462374c6d6b416d397233384171744a69746e4a55754a515130334e535545556a335358664e4a744f49627741304231347132336c54567946734e525230645647327a592b6468414c526f4e4e46656c354930306f41453839686c596250324b46334a426e7a6171566f746231476a79437258416c774776355355664f6b4d7765695a466f31334d62546e43347a73585a5a5838464454386f71616d686537377a30303153586b78766330426a4d386873366b41615a376a644c4a7956444e4b2b59573955474e70415664334a75585232496e2f4148492b3374516e6a2b6937556d71524f65584f49785345734d4d626369316a4947624e742f5837566d6666304e6d4d72384f707058756358467a6d6e4d6e58553671784a796265624f46632f76697633356c5275354f754a754b323776305038565772474e597072684433387158687578485252732b71316f76374c4c4a6d72584e6d63525a72623344647a64397537547556352f4a2b556d35726a636633502f636d66654a7a57674776635038414a2f376b37786f65696677724f7858344f4e67696a5a7335766347334c757671792f6b4a384f4d434553414d6a66746d7a53364a70634f793473464b374244634274653750647a56762b5a504741445a426269556d30506d69484c3935446c6939677365555a48696c4a4134505979647a794e5341357265374b3554585978747573783732334e727559305746387a6c3164715559464d386b475a35473474594c2b30684f4f4156517962365134446843507453764550526c5a5a6b71384e4c624d72704a4147693770476b577975625a6133344b41794d3269475044323379634e446d6f66764e563274364c574f766c6c414c6561734e77624541304e6252314e674463755a5948774b6c36613259366c3750544d49665455474330634d733862433246743970774276613539705432596a427a73706b727163744c75673050614e6b572b316344695162585663646f35365a7257326b75335a4c6e666d3379497551426f62626c536e355031555464707a7172506843486a39344c4f37355a505a396e7141727152326c544366387876327033705650612f50782f744c78617267665353426b706e6154756644736e393551454f64595238363578505247794263377435576e62396b50485237654a6d545654474d6348694d6262694e787a41486d7649655875494375355656577734755a446149583362497a2f77434b36394677476d6a774c6b732b5a786347784d6449357747646d6a4f3367543372786d716e4e52504a4b3435766558654a565949334b7948735635484b456e4e4f656330776c643652673249536d6b705355307179414f71516f545543424345696145785569455854454353364549454355614a45494568554953366f47644479506f6f353675616559674e6a6273692b6c7a2f3439713648474b552b6a746b6871584f454c58586a32693443397378665454735735794f7061334365547345545971554755633834764c746f6c32597677734c444c67747165727843536d6c684e46527a4e6c6a6377675049766357746f56356d584c655459373863576f626f2b656b4a2f4e4f344a655a63765974486a30794e436c3568364f59667752614453794e4b6e694354364a3845345573782f4a6c466f6169796244666c3066663546646a674834396f663037664e636c525530735653795237624e4776677574354f753238656f6241324d37645231726a366872306476547070626e725032705341526539676b634e526f6b593841676158793746347553576b365248485947652f4c50696f4f636265354a46754b6e4a61363757356b437879334b6a4943795a786276626e624c4e637a6b324d5a4e72636238373276663751716a7069346835654d38754757696d6c6c416a446d7476736b3544582b62716e7a7433383243434e71393757766d70534b526f4f6347744a34614b44617676544a4a646f6762764e4931313772726878624b51346c4e4b557068576778436d6b70535530716b4158553064587a55484e6246387a6e6451707030513159462f454a6a4a5152467741307948595648542f69365873636c784157703457487737416d302f7943596341664a5257772f525149545538684e4b304162765672444b443734596846546d346154643547356f315075373156337259354c545278347134534778664873744a336d344e76416578424d3771305238714b6644634267694d4e49365757596b4e3235547367433274737a717555504b43614a3230796e704767626e526c342f346956302f77423067686f7738582f74502b566347384e6661347662532b3556464a6a785254676d7a704b62376f474b5152374d636447576a647a52615041454c51672b3654574d61424e51517550466a79316351624451414a7063306231705877727451396f39476a2b3657302b765157374a5172635033517153513577466e4870413238463562744463554233576c7066706b3972463850564a4f5855547a5a6c4b2f7463517159355477584f78447346376a74414e427632727a69354358625047797a654a766473754d6363654565696e4771655533455173503770574b62487157426d79646f4466726b764d684934484a785475646b507a33643555646a2b7a567544564e4871513552556d7435503253673870734f41365435503243764c656364766366464a743231636e3266374930347a30396e4b58416f704e73463758385130704b336c335278556b6a4b5153756c4c5347754c636d6e69764e47795a2b7464534e654c45337947743161673469374f4b584a724446372f4778756266654d314e392b577459787065527a5973773747346d2f6d5373554f616443327854585042643670376b744b4e56566d374e6a37335245656c4e6238367a49396d35336142596b6d4c56737a747153562b31736761634e416f747269436a4c675655556c3642305477346e567847374a706d6656645a586f6366713258764c4f5364354e7a35724c32674d6b37615a5a4b535439435358746d6d37484a6e504c334f6b633462335a33555475554f49747a5a4a623951465574747476344a4e746c2b43456c384b6154396d674f56324c525a47526c757549424f2f7074693547543452784f77435437566e6254654938555842344876542f5077687773305738754d59626e36517739735953663034786d344a716d674463497741732f6f373270513170475139694c6a38447449306636655979636d7a516e2f4c435163756361417a6e6a636575494655624e34424c305164416e7158774f3069372f41453378732f37537a734551536e6c766a626d32457351346b5242554d6875386b45693259385574532b44374a616479737879542f624c646a476f5a797178714d336457375855356a624b706476416541537432546f505945617636483276374c5235553477637a5744756a62396951637173585932777272334e38324256756a66516578424844777952612b433766396c6b637138587666307661767030426277535035553479343531577a2b6f4d3147356f59786c72336332354b625a6c733345646843567234436a2f4147447555574b504e7a57453965774d6b6666334533574a71622f714e2b7857384e7731324b314a7036647a53384e4c7a744849444c7136777455386a4a786e4a4a434f34704f63567967303036624f662b2f4f496b5a7a743764674a6f785376314e5153442b614c655333547961696a4f645441534f466b666547505153782b492b78543359664375332f41475942784773766e554f4a2b7142376b6872717532637a674f7766597434386e6734354f61657a2f77414b4d386e4a506d74622b3162334a397950774e442b6d496132704979714844395566597057346e57426748506162797747363033636e3667444b4a37767176483271752f437059386e5131412f5676354a3979496e6a6c394b5a785373735077674e74776a437530484b53746f396f4f4d6451446f4a4732446643336d7163314d364d2f4f4831736c44734867436e635a4c63547879523038584c5a75584f3466633779325777506351664e544e356252687a534b4677627661486733345a32393239636a613272516a6146393363564f69496156374f316279357039676a304356702b754c65535a4879797057673835444b38334a326e62507373754f32322f79556e4f74746c74654253654f4c35425269644c694749344a6935426e353968476744514d2b3471705134565250784f4639484b39376d7532784734616b43347a37624c4535786d316d534f3564627946707855596b2b636d3757574150586d534f3468766968523038426b616a43792f77446442716d345a794f5a517463432b647a49394e514d7966454478586b4c334264333931657635334736616942477a4244746b58424f30343958554234727a39376c33344931437a7a573968726a6d6d6b6f4a545356306f7962454a5349534a6b6970454a457843704549544a44524969364541434549514945495167454b45364e753349317645706f566d69446565323345414e47394a756b5842584a48546a6c4c695141614b724941415a6c4f2f705069546d474e395348744f7258336330397879574e7a6b57353766464f357950365938567775432b48717153716a4d356e7153687257506131337a7446656f59577a7a4f592b396732347432713539374b5a7a77357a584f746f4c35654333655252644d34593462566f79746c74394264535230303068364d4c6a666661775732794e6b517447787250716853444d6469793770303968475648686b3548534c5744675466795537634f5933316e756431444a5858756247336265344e62784a7346526e786d67682f4b4f6c5042677550485243633538424a593465524d49496f78305978323672523550432f4b47682f546863764e6a386b68744441316a654c7379756a354a794f6e7866447054715a41664e4c4a6a6c474e737a6a6c787a64525057486139536965646b68316a6d63314b654b67716278786c326f74634c794d6b6754493353644d504a6263484d5a2b77667a6f717455584e6b414467526345432b51556b6b676645484f4a734e646b373933324b475a2f4f5274614c4739326874392f77444a4b3556394c6f71504c58506534456b6d7a756c72726d465767627476746539686e74464c55455279384c6574632b715645787a57757538667757365252623243313372586366596c6162415a706a3368727241354f475a5346396774596a4a32324f5a4e67416f335032695342594b4e7a68612b6d3544434346616673423930307055574b3141524b78764f534e5964487541534b65696274565443526b32355362704150784e31356d4e36696645704b624f6c6d4856376c44564f32367037757577376c4e5235517a41385074552b696b556e4174794f6f544c4b784b32386355677a326d416470475369734c46376a5a6f333231563361437478314c434a36714b4a7873313777436570515441777a753243527375364a767077567169594a4b75505a4e3954774e37473374736e347047796a6f347157534f39584a384b39772b594e41314a62734874735a654a795459747a50706b7a6e6d45467244706b6550465a72734b694f6b727837566f4a4c4c546a676455714d773450776d3857714f66423549614b6f717564595243476e5a32646275413936324648556830754856464b7977644f47674f4f67733636616b30775a797865376745625a344257716a446171414f63364f375769354c5464564430515351525a624a703845436d547143424a78616d796255547979526a6d754734684d3278775470433155546334506f70656362394571454f42334a374c4f65317079756a534c5778786b47357153354f3557425474346e77547652323866596c73683349675934664f76344b546e41527841366b3730596366596e436e445747354f5a53644d70546b69495443397257346e7153475676306a344b5a744f3132567a6d436f7652767a76596d6f7846334a49595a68394d684c7a72663758324644715a78395546787a4f517631706e4d75347030686432524a7a726637587843586e414e5a6d69366453346256566b6e4e30304c3558415849594c32437656664a7971676a35796b6236564747677977765a61534d373874626459552f6b4f362f5a52443245574d6f3845307952693377717237554458624d6a58776e694f6c2f483270357077357533464b4a476a654163753150537659643258776b3532482b302f34536c35326e74385a2f776c52436d754c375153476c50454a36592f5137732f694a544c546a35376a324e435554553330704c396755504d456350464a7a5243576d4c396a57576678452f505148546238416c352b446737774367357479444537676a52454f374c3469787a38417a4733374576704d50452f7371747a622b43546d33634574455239325877732b6b78376a2f776f465662364a376c573570352b615534525366525232346f6179792b466b56494a2b594f355761554d6d6354493452777346354a4d7368774857625a4b70425279796b6c316d52744633764f6a52377a31496c6b446d746959304e695a366f497553654a36314862566c504d364a716d74676e71587941374c5365693172636d6a63423144524e592b475752725776494c6e426f7530577a5062317174613330664250696559355750734f69344f7342775038414257344c30517373724e786a59734772704748466f7165706a364a32343541434f6f74447375314c5763714b6d6d41446357676e754e59704362647530304c477832526d4a317271696e4c67586173666b54375375666d6a64452f5a6b6a4c4477634c5852484447615459355a584637626d7855636f716d53556b5333424b692b2f732b684950645a597a726453664653793145636a6f67547a597562432b2f374c726673772b47447a7a4e5559394f4470344650484b616f626f5a4232504b35347565336545633437683446562f48672f525038715a3038664b36725a2b56714c63424d5662683562314c4e5a716f646a32752f65425847695933395570656548416a7553665451666f7064564937396e4c576d71597a46567976633035486e615a684869306a79554c44683155536166463649456e4a73323348375343754735304a52494f4955667859656872716a75767666557579674e4a55446a465673506d516734506a42467868636a682b5a4c473779637549624b4c354f56694f6f6d5a6d79567a65773253665430577570624f732b39654b41394c43616f483668506b6b646839654264324756592f79584c446878374749414f62784f72614f416e64354b39467978355252324c63566d50316e5838316b384d76364b2f6b503457585531517a4e314e55783234784544795865386761626d36423078754d69623658326a592b416a623472676879393552415766574e494738784e4a386c365468387a384d354776717079477a4e674d6a79623232396e50545055626c44684a624d6a4a6c31786f386a3556313333783553563154636b475574626e754751336e687857453871575635635354716338796f4356364d56536f354a4d516c4e75676f566d5969524b6b544659495264463079514f695242516741534951675149516841416c43524341484b516769414836546a3746474370356368477a364c5237632f656b7930524943633170635130616b3243735359665578334c3241572f4f536253476b325873497a6e6b7a2b5a37317153534d68473149344d4846787375516a78477069327561667a65304c477755456b306b707649397a6a316d3668394f354f32796c31616971534f706e786d6969754f634c7a77594c724e6e3552547579676a62474e784f5a574b6861527751695a5336724a4c2b696161706d71486255306a6e6e724b6a756b51467456484f323379584d4e44483162575059486767354f334c742b5446686a74434141414a426b7549777635657a73642b365633504a6b663677555836554c69366f37656d3857656e6b676450676d7632584d324845576470644a4b35776366666e59714356346b672b44646d7735324f35664e796b327a716f72765a5a723472334934386635397970625a5a49476a4d6735486970716f756a6c6138656f526e664f34555434337636524f524a7a76706e2f4f61565561497a366a61694e7a6f397478666755774f6178677a7538392b536c6e667a6b67357a4961573442566a6e4a3335575852455a4f30353373436c32756b5134574e306f61596f6d762b61346d2f616f58456c326d66616d7432424d58444f3267346f612b78554730546d5539687a5769517a5470616752334f7731784f357a51517251714b4e33786c464743643862746e324c4d5a4a73415731366c5a4144774e6238626f5a53696d575a6a514e694572615a37726d7761485a71474b7169694a4d654854334f5639712f755274656a78744c6447755432312f3534437545595675794a616b36537372756d69326a2f563154633535762f67686c587a596349384f714f6b4c4870452b3557585677634d33684e4655333659546359665270792b454c61774e67454a77656437415352744f4f5873512b7262494148594c4d514e42746e2f70566b564c542b5548696e632b446f344a615972324676345647564c5735737765567034376276735657744d6c58492b6f6d70366750497a63637741467138373171765853576f5a6a6656747661454b6b3968322f68686436456c376f57705171516f53684951396735324e30446743317a4857754e4f696446675968524746334f4e424c4437437567672b4e48596649717535676c5a5a777548444e4c56705a53566d58797561503652546743335262354259746c753872782f724c56645779502b454c46737571442f4b4d4a4c635142537769387265314e746b704942384b337456456579344536794145344c49314272535341456b68473173673341333855386b73694c674d7a6b4477554b492f524d637a31676d5779546d6d7876775451535462755645457346512b6b6d624e47384e65336a70316739336d724a70364f765a7a734c4a594a642f4e4e35324d2b42326d396d66636c6f4b6d616d65524849475831424832726f365a395055782f68464a415857395a7251302b495745736d6c6d71685a7a4e4e51766771524936756870484e7a624a4b31374266744c525a62314a5534724a4b7773625459675765724a53565464736362454832454b72575071734b71772b4371715755722b44747659376a653456696e4436746e4f4d6d777574424f5a6c706562643467363979626b704b784f4c524c694e4e686d4a4e654d576f61756b6c49797154544f61572f5732515775485a5a63585278696a7853576c457a4a5735675059627464625168642f4579705930624e424b77445130754950735031545a59664b476d59366147726c644f32706a6473326d5935753230395a3267534d766e64797547532f79516f376d504e534e4e3352753248386478375171664f466a6979526c6e4e3148764855744e78565371695a4c736b354f626f52716e462b6d584a625769754874646d313130746831654b61574e3274725a4250464f3531344668596467563054715974742f6b6c4443636743547743627a3077306c654f78785338374b34576449386a72635555476f63596931316e39447447616b456b45625347774235336c376a35442b4b7237314e44545454446161304e6a47736a7947744865636a334b526975325a626b5242684734453250696e737075694a487545555a30656458646733707a4a4b576d6a66736b564d7a6d6c725352614e76586e6d652b79717954506c64745063535478525459376f6d6e714139764e524e3249676232766d54784b726d316b6c304571694743577962644b436d49516763466e316a716d6a4a644249524249656c45374e6c2f716e4c4e614f717231344a6f33746177754c7241414b7363715a475258456f5530384e524d49707147392f6e514f32434f36784873577853794f6f497a48537563316a6a6337566954326d797130635563644f7a5948724e424a3471797179537430685154726357626d4b703135364f427a76704e62734f385171736d4559664e38584c50547536774a52376a3571796851704e6346754d58795a78354f797550774e5854534464744f4c5033686232714b626b3969734d526d39446b6b6948355347306a664674777458524f5a492b4a346647357a584451744e6972575758737a654b506f35557464784b59645675597378387a2f5348756339787963346d354e754b787047324b3659533147453461545870634b707845795678353075614462637259696a6236735447396a51465377657144347a54504f624d32396d39614a584e6b63745648526a5330374451427748676d79514d666e594e50454a3453724f7a5571773054706175474174796c6b61776b5a3242494238313666793671665275514a797a71646937546b5274486173754a77536d4e566a4e4c434d693939765966344c6f2f7575564a625130464d335a3258534f65527646686c356c4b395530694771504c5848636f584653504b694b376b6372596c3049516d53434c6f4a534a69424a64434545686443454941454951674151684341424b4569554941427170746f794f4c7a715647416e782b716b7a534a4a414c3145592f4f486d74367362647a6773536a6274566b4c654d6a523756305652455856456a654469467a3548756a6f78725a6e44495168643535514a55695641416c43524b45686f75595762563744314f2f644b37766b75412f6c445274756658336136466348687679356e59664a643779552f384155564878326e66756c635056384864303369656a764f3241345a4f467866542f414d4b7254794e446e446276757a746c397539446e6a6e4348486f3641483264717a334f4c716b6e6174744858613448572f38414f712b6363647a73534a3533687a584d5a61385a73447276554c484268644378784e78647262385478556d32444d5144634f47794d386962706a51304f7659456b35472b342f785175427046436f47314b5841354f7a4856645657764a6c473062584f65577175545765484e413956396d35716b317262673349393338354c6f6a5646453873674f5a4f3041626b667a334a73566e48614a7631635550634164675a6b6d376c4a47577851484e72695351452b4541782b566d327a336c49773535364a7269317a75694463704e7179306974686f764e65774d467a59395175663537464e424a3073334141376c6d683555724a4e6b3352525a734673636b657935325254525255352b63355552584267413250617042696a41506976616968746647572f516f647a332b78506252552f7a70482b4156495973332b795037583845763333622f596e396f66596968622f414530425155682f4c504861314c393761542b3265663151733859784876686434684f474d7862346e39316b712f6f4b6630766665366b2f74584439554a72734e70694c6338346a7343712f666d6e2f414c4b547743507631542f32556e73516b465036544843616236627641665971315a5155395053756c4263534c5742446248324a7a7365706d6d78686c2f34565871735970716d6d66434970515861484c4a576b78626d55684954664e4a6461734361483430646838696d624261792f35715748347a58357038696e4564454465636c6e4d7548426938717a7438704b732f6e447943794c4c5835546a2f5747722b7350494c4b415858486847456b4c5a53512f474e375532796643506847716d52374c5954676d7454686d62445572493048544f496a68325351484d4e2b7337525549566d70676b6869685a4b77746659354857312f2f41436d525573383767324b4753516e633170506b6d7542454a4e6d7041534864453572512f6f2f69726943614b554e4764794c4b4a324631304c37766f35675071456f556c3946525a6f70616f5141747170426663624565304b3746505674494731413736304c632f425948704e54546e6d772b317447754669706f735a71496e586641484471574d73636e7762526e48326458546d5a7a4f6e4452767638416d6b6534712f54545067625a744843416430627750637557702b55314f6243534e385a3856644f4e5538735a35696362666b734847613947713079345a30726179493553304537623675445775482f43622b784d726154444d5770585530732b77435151484f4c48416a51693969755662694e633033625575567548484b397554334d6b4857304a6270324a3458365a4657386a735470576c314939745a487542364c37655239693532726a6e703542485551535150507a5a47322f6e32727436624832734963594445654d627244764769352f6c666a6878477169676949455447427a756941647250654f7179364d575279644e474d6f536a796a6e79436d3252636e556e78535758535a4e69707741337574325a6c4d5167566b375a32526a344f4d4f66384154654c32374270343355556b6a35485865397a7a784a5455496f487546304952644d417569364c704541424b5649684143677030636a6f3374653355484a4d53376b71414878746a6c4a6a62737853336577626d353574376a376b585432744d724f5a754e6f6d374c3662573778302f384b494f32686650505548554656794a4472704355495347463071616c43414566474a59334d346a4c74574656516c704e77756761625a717269394b47756249334e6b72646f487a486a645843644d5534326a42686c64547a746c6238303374785852687765304f616274634c6738567a6b724e6b325772684d334f55334e6b35786d31756f72624b72566e506a64533073764a515569467a485364467949707a50796a593843346a484465546366756c5676757256504f3870343441346b5155375151526f5353664968626e334e6f6475766d6c74625a756239674148373558486376702b65355a34686d624d634769354f3464614d61764b5a35476379394d4b63383570684f53376b63726534494b4c70715a49715243454143454951494549516d674243454a6743454951414250593361654278494359464e546747554536445077556c4c6b51444a4f6a304b436c6a33685465786f6c7561474177656b343951773276743144422f784264415737645a4f663778336d737a6b62487a6e4c4843326a2f3541506743666374616e6274797a4f3479753831795a6e756d64474c686e6e53454958706e6b416c534a554143554a456f5347693368337932507638414972764f53783265554e49626b64493666564b3450446a61755a332b52586f484a434a6b764b434550327274593937624732594838567739587764335462716a74366f743264765377755651714e6f4e446d4f4f527534587a7638417a622b5174546e4b4353514e716e7a52574e72734950666d466467775441716c7677574a794739736e5062396e577643686a636e73646b35614f557a6e2b63633441746562733333754f7650764b51795749634344636e5a7a34356a774336706e4a5044474d46713539682b633337467a6d4d566e4a7a4261747344704b7170634f6c654e3762447130567670706f6d47574d6e534d6d522b30317a334e743053535363796f596f376c7a334132473461355a6e334b7937487554446862306245576a3637537047343579536179777073514e2b4c7774466a6b6a5333384b4479474169357671536872335a6a6670324a4b3345384d7133427444537a513858795358763357393668684263626e666d6d3430747971324c4961316a53534d794579393053504c794c39796143694b6f45534170393147464932785646696b6736704d6c4b47684f44427743426b47534d6c5a32472f52434e686e41494852575263635659324763416c35746e30516b434b317878533563565935754d2f4e434f626a41395549735a526d505348596d5855315731724874326434554331584244354675684a644630434a595461556468386c4b30644a74786d53504e525166476a73506b706d2f484d622b63337a575751306a7759664b5838663158316835425a6c733171637052626c42562f57486b466d444e6463482b555a4d437049683849314d5573492b4543763059384d7344524b6b51566d5859357a5a534e70314b5a414e2b79664e454e53324351505961716c66394b4d6c577157426b6a412f304f76615037576c6362487573744b6a6a676c2b4369782b7270332f41454b696d4c6c6d3549624971626c52694173786d4e4d6c7438797068327634725770655674587050535574533365615751672b42756e663062785359664b634b72576e6450546c727659737a466553395a53553736696f77536d4562645a71615a2f523774724c764356525a6e6365446364796c7747756159713246316a7179654a736739684b674f47386a61374e6c5444546b2f516d4d5938446b7548637932545a4a7264636c78354b4a7a4c3676656538665971306647586f5a6f636f6f734d77367439477732704e59323353633467746165414c645668334a7a756239716e4d44626e4e3266456a3745434a673348764b325470555334794852566c52463673727263446d46636878677449457a4c6a693155396744514477536745615a4a536a47586f714d7051345a7131654d5537614a334e5075392b56744341734c306b4f635354652f5864543661704362705178786a7756504b35636a5933463541445432325572326242395a70485562714f7753685657356e6172674549516d53435243454143454951414a4549514149516841416c756b516742636a716c6b7a6b3579397a4a6b373633487638776d373070416378774a734476473767653435706f4b437945516c3072644f6b445a774176596a56536d6e654e576b64716c756d576f7558424568504d647453453277343353744664755873554b33553045306e4a357455364a7a5932792f42754974647031743158423856596f36536c6f36453478693532614e6e7855527964554f334162396c554d4f3553564f4f636f70494b6d7767726f7a54736841364d656432414436774869553471553931364533474453624f64716f7a6d556d47536333574274386e6a5a5075562b72674c4c74497a4273736c31343567357552427958566a65754e484e6d6a706c614f6954535572434a4932794452774254585a4c6d6f3257353650397a4b4d6569564d6d683272416a722f774443387535537947586c4c6962794c5871356367626a316a764339542b356b41634a71585a48706a7a6376487175633146544e4f5768764f534f66737430424a4a5659504a737879756d312f6f7175315445704b617531484d32434549544659495168464342434549414549516d414951684141684345414155394f4c6c35344e736f4661707838433438536f66426365524369503169676f5a36366b314f6c35414e3275577443626570747650565a6a7674576868773271637534764a3971672b353148666c4c4a4a6234716b6b6637576a337178684f65484d5057664e63575a376e5269396e6d7945495872486a416c534a554143554a456f53476931514339597764766b76516552562f3653785a61517958384635375148384d5a332b5339433547662b6f6d5733777965515844316e692f3948663068316c6141585a5a584a57524d357a585a457258713869626436797077426b4f7865464649397463464770715a57744e70584476574855764c704c6b3350466174566f6272486e3964643246474752304d756c425445357571364442462b6b47643172524e7974375173716a3057757742376862516267755849625334467558754a4979477156676265353361416230726e4e485244676261396147334f6571794d7773537047354a6f6343624476756e674336614b544a476c4f425559417661393036795a6148335362535955695979546152744b4e4c64494235636b326b306d3661545a4d5a44566d376d39696775704b6b33654f7851585769344d6e7950756e41714d4a774b5945394d4c7a414465443546547362384e43654c6d3338564453483463646a76497178486e4c454f4478376c686b4e494744796d7a35515666312f63466d42616e4b54504836772f33697a41757550696a4a685a574b4f497a5654496751433832756479675539464d494b754f55676b4e4e3742552b444a2b5272757753702b613649393548755444675664756245657836744e78714d6e4f462f69706d593142765a494f344c6e75614e744b59595a54597854564d544e6c764d584165444c594164783157777975772b575638456c615473764c4e697069446d6b6732794e677155474c3078634f6b51526e597450324c4d4d754f304d723330737a4b75463769376d6e786834467a66512b3551303538374472625936316d445279576c705336456a50616f706a62396b354b686a4f50597867757a53336257517a787561544d307875473632575279497a574848796b4c58624e5a676a474f303271575a3042486350735662454d524e6449434a366752743956745164765a374342376c55597450637855584a372f2f41494d6830645953656a462b3066735454465766326250322f77434376414f4f6b734a3753346535534e676564485266742f7757327331306d595971332b785a2b326d387a572f325558376131765235542f5a6e39645a3773516a4472414570715466434534723279457756763049422b7355436e7172677564454276414255763377694f3533676b4e62455271664256637667716a39496945685337563941664249725269434569454143456945674653495167415168434142434c704c70674b6849436c756742636c7255764a6a4561686f6b4c59596d4f46775a4a523544507857506579364c6b72677a636466554d66587a514f694453417741697876782f6e4e5a7a644b374e4961622f5152386b6e6b394f746a503147333936734d35505563467934537a752f50646b4f34573971774d586b784c435a584e61376e6d7463515352597172543872385170586837656359345a3361627146444c4e584637485535595965532f36644455694f456b4d5947432b34575756504c717173334b6c31632f6271415850314a324c65536a4f4c77485859546a696d75556176506a61704d4a5a53547174616a6f4b6644365437363430375a674763564e66707a48733342633557596b3655374d4c6d735a624f7773664658634178544461537366555931535078484b7a4e73687762784f7963696531626471546a624f5757565870513346616d7435533166704e56497943426e526868766c473367416d30394a513055724a5756424d385a446d4f4179446870375631456d4a38694b35742f52704b5631766d52375073427373437370734a45686454596f317a4c3542305a4243464a317033532b446a6a693936746c726c44437831633670686273773162573145594f345041646275765a63725752374c72324b362b585a714d426f33746532546d792b4734366a6365787738467a646643646b6e657178537156474f574f71444e666b733647717732616e664378383062685a7a69626870372b506d726c56535151744851593437794c35653159504a617046506a544933477a5a6757642b6f396f5854316a577931456a48324249765a595a376a6b4f7a6f59527959742b547076756453675574664577427579574f413131327550597648706e586b6562627a6f4c4c31506b4935304e665674424261364a7530625a42774f51372b6b764c616e5a352b545a4e32375a74347262706e2b7049344f726a706b79733433534a536b58616565775168436145434549544145495167415168434142496c51674151684341425849326c6c4f322b707a564e5849693430375364317773356347754e71786e46494d6e70345448617155614d374c376e6a7848696d49504f374435442f784d5575464332467848714e2f466339672b4c53345056506e69594869576e664339704e7268772b3041726f734d79776d4836703831795a5530327a66477a7a564b4664464e454e632b785046504439416c656c72523558625a6e325371354d4b5a6e526247484f366972464c6844707253546a6d32626d6a556f63306c624259704f564c6379774c7064363136786c4a537335694e6d31496457372b2f37466c7952383349574855496a4c554534615357682b5752392f6b563648794c2f774455626630456e75586e6c4638736a37666376524f52592f316742345150397934757238582f414b4f3370503841396e56566836525758554e424b317176556e63737970485776446965327544477177624c466e39646264594d6a6b73536631313647486735737047453975715945397571325a6a453071543156714e4a61334c55354c4c6f2f564330514f3563732b54615843487446744e553537724e745a4930374a754e414d6b30754c6e456b4c4e49676b5a6265564b31784279303346514e31436e614277514e496c6a3251334d702f524f6843534f4c61344a7868797a4952614e55687062774954445a51796d7a794c6e7854413738382b4b704c324a73764e7033504677572b4b6a76434846706e6a42373158456a6870493633575659676f4b696f6935794e6b52626533534f5a516c39594f5339496347776e536f6a3976324a4852526b664b4968326b2f596e2f6565722f735966326b66656572482b7a776e2f4d43644c3654722f6f727955504f45467456546e39592f596f7a68306e39744166317a396975666569722f41506a52442f4e43513452562f77426a442f76453758306e5576686d505a7a62797a6144694e37546b674b537170704b5758596c3251534c3945376c44645768466d6a7a71576a71643546576f2f585a613536517a384654704366534164396e66756c586f41424e4733503167734d70726a396e50636f667839576a2b394b7a77744c48724f783274503841656c5a3443363438497a476c4b3132796232756c4950556d667a7172325a6930374c446173747935743363516e74725366794d6e6d716f463149322f457148474a616c4d7374727931312b616c42366d72646f73546e614177567a5748364537646f653159564d324979446e4a4e6b413777632f42644e51567546633049366c744f343769357048744958506b70624932693231756163516d72576873314668395933365448374a544a4f53734d352f466c52426666485541676478436c687073456d4634346f2f387559583831626a6f615957394678436f707a75484f687738316c7261664a6b3975447a616f66565154795265696a6f4f4c63354f48636f7653367939685352393772713969444a32596a55736530766332567a58504a4853494e695658324a542b532f34777578562f513662396c643956584f4676526f6833717673314250795a672f5757687a632f38415a4439734a4f626e766c455032776d704a6342542b736f694f7033517438556f62564135524e4865726e4e56422f492f38515563686c687348785776703072703672325171726b67507044665873416542756b54337947533178596170697150396d63747845494b5255534345495341454a43684d41756936454941454953494145495167425659772f453676437176306d6a6c3575545a32546c634563434657534a4e4a7263526f314f4e564e5a7447614b4a7863535362616b724d6645483532614f3550516c474b6a77614f63706373624447495449344d6134756965335469336373637733572f424f366d6d624b793230303346316f50714f545657512b75706e306b6a6a306e52333253654f58324b314f555877436a4753335a7834674f344b52744c4a774b374f6e354f344657324e42693758453537484f4e4c764456577a795866474e6c7372584e36785a544c716b69345949503263537a44616d51625159534f4a5163506d4230493746334c4d427147674e416262714b542b6a30352f4a6a785758387263322f6a526f786345593459525830636c7957506a714977526f4d32502f655a344c4e78434b7a546c71757470384d6b705a4a747068627a6b4c326e4c584b2f6d417565723472785831545754564b304a34394d576a6c6d79507061746b7250576a634844744258524f78657071353256416f7041325158477943376134327375647257326b375644444e4e43363855723258313258454c76654f4f52577a7a386655547753714a36727953715051384d784c465a42384636724c69354777307539742f59764c48472b71364f753556466d424e7766446947307a676564754c756564354a50484c5467756176634b4d474e787476324c714d75755633754e51684336546c4243454a4143454951414951684d4151684341424345494145495167415769316d7a5274472b3131515933616342784b3361536b4656563039495862496d6b5a466668636758397179795030625931755a67315448697856695746304537345a425a386269317734454b43554b557a5753324a6d45474e68366c312b47473245303939374c726a596a65496452585a55505277756d483979337943777a3846346554697732327161317374512f6d366476316e4a58446e484e6a4273484f4150657449434f6e6a4447414e614271756876547563366862493661686770756b36306b6d75306442324a6b39664a4b3477556d5a3064494e3359713162566b3369616372644938564646576d4b506d32527462316a56436733752b52756138593749664c7a64434c4e49664f345a752b69732b35635354717058743233467863626b3730336d6a75494b3369714f6164743763456c476256636662376c3648794b64666c41522f3841576b2f6559765061614e3471476e5a4f753565676369422f58376a2f4150566b2f65597550712f422f77436d645053386e595665717a5a7762477837567031497556516d626348497277306532754444726861396c687a6a706c6232495873624c416d4e334c75776e4e6d4930386170696546304d785272595531737337493361483746744f7057453545674c47774d6256593371424f61364279354a386e512f52584d44514c584e6b336d4937574f3065386659706e4a70554332486957414e59483077667343774f33736b397474554771677638685a3379762b315146526b7070434c6f784b4e72646b596642627265382f387952324c58466852557265757a6a357556416c49536a5367466538756358453638416d67356f7a49526179765942777574764461694f476a613177646345333856576f4b436e716d67453264764263517441386d6d467477357737316a4c4a48686c4f4e657958307949376e2f736f394d693476483670575a555951326e50726b397056563042626b484f376e4643635877464d3366533469636e4f38436b4e54466f48472f59567a7832323563374b4f79523332707a574f4f66507a6430727674546f564e443857624a4e5762555562337444414c686856486d4a2f3743543967717855756b676832685554625249417649567051636d4b7573675a4b7a463665306a51367a334f4262636231716e7473524c382b526d3063457771476c30543274736379306a635666674834524839634c536f755273394358316b3162444d324b4e354457416d2f52495764415077694c36775765546b76464b4c546f35724773386172503072764e55774662785533786172503936377a56654e75323972426b5845426443325168686963644865784a364f383777726b30504d5476684a75574f4c6238624a6f79564a37454d71656a763676464b495a527641743171306d79485a595478795259714b7764493352775855594931732b476c7a6f326b6878414e6c7a44686b41706f71797167595751314d73625362374c486b432f636f6e42795649306a4a52653531564d316a4a787a734163322b597346547865716d7061397a71637951514f7357624c736a6b506664595278437475667779662f654651506d6c6c63444a4b392f316e4571466864327876496e364e435372443548506b6b326e754a4a4a314a4b51564566306773352b63687a534f334c58525a446d616670455830322b4b51314d513165466c6c414e785a48624254733150544b66664b423346567136654b595238322f6174652b5236767356496f546a424c6369575274554f534a454c517a42496939304a6743436b756936414243454941454953494145495349414549516741537045494157364c7045456f41465871343353513261435344657755364530364531616f776e73633035687749346861324656324b51644f48454b6d4a6f7961412f49397879553279456f466c704c496d716f796a6a6358646d2f52637373547037436f6244567434765a737538573248735733533875735065414b716a6d694f387373386535634b6936355a596f533948517074657a314f44467343784a746f363647376859736b4f7763393353737546723663786d534a31693572694459366d3678774c712f4655772b6a694a387247794e3061585a6b4c4e596447385470785a4533556d6378696365784a6d4e56535a4863584e2b706442696c495a3233623677574f2b4f65495744623279305870597070786f344f6f78564f2f524359303232646c494a67636e786b4871536b4d654f693458576c305961553173515751705445354d324476425449306a554a3279654358594a334943686c6b4b545950416f35733844344943694f794c4b545950424c734867674e4a456853624234464c7a5a51476b69736854434a7a744537305758364238457251394c4b3657796d39476c2f733365436b5a517a504f62646b63536a55673073625352376451303279626d742f43682f584e43503841374d583777576654303759476b444d6e5572537763587871682f784d66377758506b6c6535305934304e355630707065557459793167392b324f2f4e59636f7958622f64446f78366242584e4872417875377378356c63584b4d6c4f4757714b5a65574e456366786278774e31326b50526f4952776961505946785562674e734532446d6b4c746e6b4e70326a546f6a79537a2b67772b7a6735705852374c6d366733425555315a4e4d4148764e687541736b71446341623771414c766a48593879636e65784b35786336354e796b75556c38304a685939684c6a5a534b4f50316c4b373169705a7048676b70796564625938543746332f41434746386565502f71762f41486d4c674b59586d4865753635485375707362624b492b635a7a5a5938413273306b5a395a7930366c78645676466f3763484e6e62314973732b61774258574d773743635141324d5336522b614841487749756f4b6a6b664738486d73536133363751666546355377544f7864586934625050635476625379774a66575866346a79497235622b6a3174444a314635616665755a78446b6869394743365155704133697159504d6864654a567954504a4354325a68325468716d48625953484d4e7833704e73337a425778484230484a6f4e64587544674461496e7958524f696266543272694b4b7566525338394334746541526579366a43755632466d455259725253756b475850514f74667446317a54684a753057386953526264453336507455546f326a6437566f56426f5a496d5330556b785a49304f445a476a516a6944376c546344787373647a534f3673726d507139715959674e5237564f34486a375645384869553759794c6d6764794e686f51377655626771416630426c6b6a61594e416d575368743055412b4a2b792f6142745a6173654b79686d794a4c39367a3767414247524734715a4b787049737a56447058584a7a55446e472b75615a6267456862626970534e41497556497a494b494e362f616c4c62612b61596d51346b5359577447397968706147726e614e6b784e3462522b7a4e5146784d684e79633174557a68473168444763633268613155614d58755871484171714a6e4f7672324e44576b6c73625857646c7063325545492f4347572b6b744348455a484d4d504e78744261644767626971454976554d7439494c47562b796f5737733558457338557176307a764e52307a53616d4d445862626278556d49472b4a564a34797538305559765677446a4b337a433666514a626b396554393861692b764f75383158552b492f6a4f70483936377a56634b30746a42766469706b6875514f4154786d624b463573536574497150305934394c73534133463048524e757252456d4f736b736936516170674b2f774266755458364473546a3678544a506d3969534b66416951616f51714d30364277736b546e5a684e76634951354168435242494a4c70554a6749684b6445306f414558516b514171456945414b6770454941436b536f51416956496841437045495141495169366141456c304649696743364c704546464156616f546c3134396f6931736973365a6b6d3165514f763172615174497a306d636f575938645a5651437a4a6e5734484d4b55596c49666a596d76374d697442304d543959326e75435a364a546e386b3156334965304a4c49754a45554c6165735958434d69325242315137446f5470634b7a48477949624c47674471546c446b37324b5354572f4a532b396f4871797548642f464e4f4850476b773777722b6955444e48635961455a745a6831526837346d314c773079784e6c5a624f37584334506756587333664e374630504b3842384744534455346578682f564a62376c6a55744e464c435850626337524637725a53576e557a4c65364b3134373579452f7171304b46726d68776c4a427a466772446157454e747a6254335a71514e44414774466746446d765261692f5a552b39374e37334a66766446394a79746f553635466145565268385133754b634b474162764571796b5331734e4347736a5a486b786f485745346f534a574d564345494156584d474638636f50384145782f76425531647758386555583664766d6f6c77556a702b566846625356455148536a6664765859412b39656553444a64317971726a68314f366472413578725332784f765143344757714d72334552686f4a754266524c706f4e524b7a796a77524f304b374f562f77444f746f386c786273326b395336707a79574e767561425a625a6c342f2f4a6a69396e4446784a7563796b43524b46336e6c446b71524c75556d694878657370443678375648483631314b34644939716c6d736543536d796d4866354c30446b666867786171714b64737a6f5a47776334783433454f614f2b397976506f4c38364632764a2b617268725765695450696b6c6135673248624a647674312b7175507156614f7a422f5230565a68574e304e3353776d6f6a4835534c704837565867782f45615338596c6b637a66464a39685454796978794678487073747762455041506d6d54636f71796476345842533150584a43416646746c35756a34647963763874794b754e4e5741314e5047324754353747697738466e625764697244612b696b6d41356730376e5a586138755a336735717256446d3569426c6d7449786132594e786536456b61434c32437179414e43653661777a4b724f65586d7932696e374d354f78726e5a70596d6c787330456b3664616332456e316a5a62324251307a586c3541644b5056766e5a4f636b6b5a714c624f676a5a7a4e50484639426762344249556d30373653516c334663644852594f484171467a63314962385578312b4b4b476d524f616d46755365362f464e4e2b4b596244625a57546f774362384579796c5a6b7855495679476a4e4e4a53735053756b4e466a5a4674416d6c72527838553639776d6b71445162736a725556533759686351546f7053624b7057752b4332654a5469725a4d6e7355527174714a774447334930347246435672412f575378344572655373784f6c706e744c386e43396e622b6f70734879694d666e447a5752686b4434385159346e494e662b363561314e38706a2b75337a584e506b32676a6c61334f766e503934377a5436443564422b6b6235706c5838746e2f41456a764e4a43584d6c5935684165434e6b6b614736365875684c6b6d784734785371762f624f38315875696153535765535355677665346c7848464e576957787a506b65446b536f586d377263464e617a50616f4e53536b767066436f616455694478534b7a4d5641315349427a514e446e44704a723947396965546e62676f35446b337351755370634455695649714d68516270756a693376526444397a687553487968627045485643596751676c4a64414264495571516f41454a4549414549516741516843414246304a454143454a4c33544157364c7045694b41556c4968434142435243594168425358434241684677693451414951676c41416846304941304d43705971334736616d6e627478504c693974794c3259343775734251596e58554e4e6a4e5a534e6f34596f6f3543316a75636b754c654b7638414a55663678553331582f7546633179697a355256352f76336561654e4b55747a504a4a786a614a7354726e31394e5351766c7074696b6a4d6243317a7470774c69374f34317565705130573277474e7a48574a4a42746b7331626250564134414c6164526a526c43354f787952425173446f424345494377516b51674c42435336573641424b6b7545584341465637426a2f584e462b6e5a3568554c713768422f72656a2f54732f6543557547557554543566757454735a394b7263372f676175485863666443466f4b55385a6e6e3242634f744f6d2f38614d732f6d42395572714848526375644630726e4a35754547483263556c47715243376a79795149534a564c4e423865716d6436353756424871657857486e706e74554d306a774c446c4d337443367a6b6d4c38704b4c3635503841776c636e443861337443367a6b6b66395a4b504c65373930726c366a784f724364786a3245697159616d41576d614f6b42383466617554653239775259384375396650304230546463726a45445255475a6773483669322f69764b78354e364f364466427a4e5177744a55375a7a565537586e4e374f672f334877386b6c5733557250686e39486d4a494a61374a7734686436577047636e556957642f54326543665473357831723247387172746c376934366c61314a44733035635736354a792f4b6f492f706b744e683370637045524c5741584c6e4c537063474d45375a4455584454657762612f745575447332614f53586a4a736a7548385172774b355a536430624b69554954576c5057624159354d6370436d4f514d694b595649516d464d426831546d6e6f70726b6a53624a674b34707a4647585a707a546d6b4e4667486f70704b4c39464e4a554769416d366f566a37766133717572704b7a4b6c313668317432533067747a4f6232475853706f546c717a4976595735337062574135624c6a62395572567044657268483934337a43794d4b2b584e50356a2f414e3072576f722b6e516670472b613538692f527442374d3569714e3675592f336a764e52744e6e673844644f714d3535447863664e52686443344a454a755365744b30584e754b59464a4636312b4374756b594c6b57593262594b41354d556b68753632344b4e2b566877524646534770454643737a4241315167616849427a75436a666f4f7853764f59556238674f7843354c6c774d534a536b564751494f59736847394a6c4a694e4f566a71457053614f3755705445315445516849674151684967415168496742554a43674a694243455851414a43676f514158516b516d494569436b514171455853585141715246306941464a5349516741516b5264414333516b756841437055314b67445a354b2f2b6f616636722f3353755a3551472b50312f36642f6d756f354b785348476f35524734735931344c725a4137504663726a6a6737484b34676a34392b2f725659764e6d5758784b4b32596e4238625844516859707942576c5158464e592f534e7578625457786e6a6535614b45323656594851434558534641436f53495141694549756742554249684144736c637767327869692f54732f6543704b3368522f72616a2f414537503367706c77796c79624833517336536b5039363779433456647a792f4e364f6c2f5375386c77793036663841386149366a7a464f693646787a58506862704b6555574935456d3645415a71665a59787565376876586133523569566b61454951574f6a315059724468306956585a7165784c493932326245325574464a30697a46385930446975723549692f4b4f6c3179322f335375556f324276536552744853355856636b62753552553462725a39722f564b354f6f58355a32594e31756569795a423168733547335276626973374661586e7163754667514c32473679747a795061306241326e62686d506371354a4c535853454e4a754c416b6e7148383856344562544f32714f4e7247354659306f36566c76596b357233506531757948485463734f55644e65766965784579616770337a7a73597870633578416142764f35642f466774494b526c4b396f65396f7a64784f39632f77416c4b537866565061376f445a59514e58627a72755855734c6d6e4933494a614475366a6e32726a366e49334b6b4e4b6b553549497153426b454e77304f4c726e553355595471312f7772513177493264787659334b69613769706a346d69344a326e4a50756f32364a396c514155787963354d63554644436d46504a54436d4177706f4f71636445784d424472716e4e4b6a766d6e676f614769652b5361536c766b6d4f4b6773527a72416e6773707875386e69744364316f6a324c5073746f66544c492f517158656b54686f714d7935686679317631482f414c705776515a3173483652766d736643766c772b6f2f393072586f737179456a2b30623568632b54794e6f634d35656634352f31696f67464c5038632f367855595736344552587a557a4f6a486669564476557a6a5a6f48425849796974794d616c524f4e79564c70473533556f724b30544d61684b6b5449424b4e516b5130394c4e4131794f643633636d5362757850634c4f376b7954556469534c6c774e535873684953714d6b4630684b4c6f756968696e53364c706f4f35413630412f6f71454a4543424630685358546f4c464f714c70456c30425936364c7074305854454c644a644a6447534146756b516b4b4146534a454941564630684b5336414675684353364146516b756b756d41354a644e756936424472704c704c6f7545414c6446306d534d6b414f75684e75456f4e30415430395655553772517a7952676e505a63517333474a704a63526d44336b6934746333334b3633316832724f785038597a64767556596c755a5a4873557a77576a5235516435564379304b624b6e62324c5762324d3861334a6b71616c574230416c534a45414b6849684141684a644b6e51436f5455714b415657734d4e735570442f41487a503367716973596566367870763072664d4b5a634d70636d787935667455644e2b6c506b754b585863735837564a4231536e79584a4b756e2f41504769632f6d4b4e33617474787a57494e3361746c78565a42597a6c526b55385a33636330736a656e7059704d7443636c326e6d384d567a3774745963553149693642324f44724a62706c305851466b735a2b45623272636f63616b7750454936794b4a736a67317a624f307a466c67786e707437565a726a637443796e4653326642746a6d3478625231332b6b6d556d356f4735433254375a39775756696e4c43664557576a70323037372b7577323437674278584f4a624c4f5054596f75306976354752726b7573784755314c4a6e75747337687062654c667a717264526930526b504d786c7a654c6a5a5a49533279576a787862344a6a6c6b6b64585163733330395048547730384d4a594c63363578472b347a614c3671394a6a3074555366766778317a633744514c2b4f61346179426b636c6a4c706f50646247304f7063664a57643233455a68363151382f71425861584561527a53616e4647776b62755a4a4a586e624a70592f55653576595670306b72355745794f4c724865734a39505873366f6456475731486f744c55775655526654793836774f4c64765a4932726238314f437165477869484471654d4143306262324673375a2b31576763317853564f6a64436e524d6355346e4a52754b677361354d4b63536d45716741364b4d65736e6e524d7630676d41776d78546d6e4e4d656250493630725532434c4130545367484a4e4b6d6a51723162756942784b7157566965376e354132436a3248483570384674485a474574324e41526f55375a63506d6e775259384368694c65462f4c622f33622f335374616a79724966727438316c34534c56682f5250386c7130592f433476727438317a5a4f54574842793075636a75314d6271704a52307a3270673157365969426e72707a7a6b6b5a71346f395a344330737a58425a7049477a5338323858614733493055315852517855736a32413751307a37464c686366787368307961505037464a694f56464c32447a436a55376f476a42516843364445513670572b734557513064496471415849357875557954556469655579545564696c476b75434e4355704c4b6a496155306c4f4b615578574b30394c7454696d4a777a46306d5645436d35705549516845685332515171454e516c73697941455264424345414968434543417045705357514149516b54414549516b4158534a624a4542594a436c73684d4245495155364151366f52593845574b4243495332525a49415367354a4542417837443068327168696634786d376663727a66586232716c695974694d3362376c65506b79794652614548784c65774c5057684566673239697566424d467550537045746c6962416b5332534941454975684e41463045704c49736d4174306c30694c6f416464574b483564423963656172617178525a566b583167706b74696c795865564c74756d693670506375595851386f6e58706f2f77424a376c7a79724171676963336d4c3971324373646178565a4f42597a6d69376164633638553532517665344f39526b574b4c6d316c323065576e5137616277534732347045496f64676843456748786e7044745669743964766571386672447456697439647659564c386b614c785a58537071636d536742547270416e4379544768556f536742534d61306e504e5332576f327867476130714a6835734d424730343247664651777869396d73463132764a6d6a4d4e452b57614a6e777267364d6b5a67432f774441726d7a5a456b64654846765a7341624144526f425a4c6449636b41727a5875643434364b4e316b346e4a4d636271536870545355464e4a5669464f696a427a5469644647546e644145737242364f48327a4d6c7239796961724c72476761542f41476e754b6947796a304e4467636b3035703432506f75506545473235674865704b73683254644c596a69706d744254327871695376306b6f76662b437338306c45576141466f572f444f4a412b4c64354b35523531635031322b6167706f7932556e3878336b72464533384c697a2b65337a574575536f6e4b532b736531526a5653532b7537745559476136555352754779445a4e694854513833646263452b4a6f73626b44646d624b2f524e626b725a7047437a586c6f3441704a4a705a47466a6e754c54714c6f32622f4f5a2b30456e4e452f4f5a2b32507454324a615a425958535755334d472f724d2f624351303776704d2f6243647236476c2f434b775344555a4b586d485776647663384a444735755a743347364c58304e4c2b4552315458613353337a5475624467447a72426663623348735445525748424a5963464b59726650596577714e777476435a4e4d626c77525963456953365a497041746f6b4f51795333534f7962644251677a4e6b75794f4352757155754131515347794f434e6b63456d3065414136796c766c714577736259634574687753584f34487653585044327055466a7244676b3252775358647748696937754874546f4c5175794f43545a484247306548745362522b69557143304f32527751576a676b44787750676b4c3735414876434b5957674948424a736a676e45396e696b756d416249344a43476a4d706379456c73304942757a6333497345757933676c325369785446516c6d38454667336979645a4674364c59444e686f334a51306345746b6f424a73426e314336566a453241674d436e625454455835736763585a4a334e524d48776c5447337147615770466148384b2f4e744f354b495739616c3536685a712b5a2f7742566f48326f66695644444874436b6334673546377a6e3361497554345257686532522b6a67364567377271336875427a347057436d686b6969635266626e4a6177642f465554796b6e412f4234494968784441664e427850484b70746850556242334e4a6131556f7a584f786d394c38622f774347354879527133346d4b5349756e4f79586338794e7a59686b546261634232614c413552345258346269446e566c4c4a45325139427a744857473552455634646431544a743841386b6f7134617230574761704c794a484f44433833754259583863753558445a386d633474784b5650537a31637768706f4a4a7058614d6a5958453977585377636e4852307a5834677a454b4a316863766f486d50396f6659725849726b7268764b41564c6132736b676c5a7338304745433137334a754f78626c5679433555344e65584263544e5377614d6a6c4d542f61624878557a794b5430706b785369397a6e57636c58314443366872344b71337a576e5a65503158574b72543446575578744d787a534f4c434671564f50593751486d386577794f703266384135314a636a724478592b306f6a3553554c6944484656306776366b55346c692f5a654c2b315a76576a614e506c4745366a6b5a714365774b49773231754f35645336726f61746c34716d6b6b655238584b3030372f45335a2f774151575a58553734795876705a6f3263513362622b304c68455a753979394566526a46673435704c4b3374306276566c7a34467043586d42494c784f6966314e64592b3158716f68785a53736b4955386b4c347a5a37484d5041685257565752517767424a6c7854396b49736e5971474b78535a56556631676f724b576e467169503677536232476c7553343862303750722b35594b3238624e34476658397978466548774a792b51713169736e635671754f5a546d4b427a4345495861655743454951417145495347687a50574861724e59656d3373565a6e724474566d73485462324b58354930586979756c53464b465449464363416d674a37564c4c51396f7570346d35714a6f566d495a724b544e344c63765966427a74517867475a4b37396745636259326977594e6b647935546b31546337694c5857796a61584875303974764664593446655a6d6c636a303861714b476b335169795336784c46756d6b6f54536d4d516c4d4b5570704b59684848494a6c30726a6f6d3354417362583445422b66376b304f47386852375851326235617074776c5253344c47307a694562544f4955415153526e6d6c51364c4c58743471515374366c6e4f6c747553632b3461444a555361776b425477344865735956546772454e57306d7a6a5a4a6761385468636e38302b536c6f6a6572682b75337a564b43514f44376652336479733054767779472f77424e766d734a636c7062484d5444345233615647426d707068615233615647426d743042566b5053636d43646f625a3049643133557278307a32706c6d37774675716f77626437444f6569503543333679586e492f374f333678556762487743573066414a624263694c626a2b682f7741525362545475506970534762676d6b4e344a6863695062594f4b444932327163346456314534413772496f577069463476716a62627854646c4e4c566152446b504c32385568494f394d7367684f686168626762305854624a746b554b325362534356485a436442624867704873612f584e4e42415458473575436a534667595266496b6436586d336a52312b304a743363536c3233635657354e6f583455626d6e734b586249395a6a676b357877344648504836507453486146456a4c363253375933454a764f6a65333270447a54766d4a557774447962704c714a32794430626846334a304b79594f53463174784b6932696a6252704455536d5267346a755363347a696f784a317077634e3975394646575035786e30676e42376265735046584d4a7757717869527a616145624c4c42386a374e61792f456e66314b65614c41384d6c66424c44555663305a496463694e742b77584b7a636b6e587374526b397a4d446d3231436c697070706a614b46372f414b72537248333668694e365843366149376e45625468336c51543435587a67683078445475476950302f52707067755a4667595850724d2b4b42763934385838456a6f734f6746333154355863474e735045724c644b39357536516e7379555a444e2f5350576a5133797965376a6a77724e423966524d4e6f715a683633753272706a73517158693059324738474e41564e727733315142324b555374336c79725168504f33777145655a6e4f753635505762706d7a4c7541436d4432483534377974616777626e6164746457754d464675646f365871623164614e53584a4b6335756b5a46505131565a4a7a634562354862396b61647642584a6343706f793031395a73466f796a6a7a5065566371386232496a5330455461576d3368757275733853735a307a6e456d355057706a4b6234324e394750477631757939484c51556679536962742f326b33535074554d39613655394e3574774751565339786e644a61367252664a50647278524d32707649316b4c44744f496133724a79486d722f4143746d6236624452744e32306b54592b2f6637564a79656f574e664c6931514c51555175322f7a704c64487731384668315578717171535a32653234754b63557465336f796e4a754f342b68725a4b616350624d2b4532747474462f4566785862594e79737832477a595a6f61356f334e66632b4273567756687753577362676b4562305478715a45636c4b6d6577526376716433774f4c304434654f30793438436962422b522f4b447077785152794835314f376d7a34444c324c7a43484838567032435030737a526a534f667067654b7477593551537648706c43594a5037616c646133367638567a76466b6a756a5350616232325a726372655230654130544b366d72444e4336514d4c4874733570494a766361366341754f4666565562747143643852347463572b5336446c4269553958686363644c697670744d782b30596e69306a44624b34336a56637935706d61576c70443761455a72717778626a63676d36325473756e6c4a50494e6d726970366f66536c6942642b304d2f616d656d34664c636942384c6a76592f614867632f61735a77494e694e4630634d324754556b544a4932695272414362574e774f4b3179526a4258527a34707a6d32724855654b5069647a5a4c6179413678764766637061366d694c5053714461664366576166576a5041724f6e6f6f58644b6d6c462f6f6b2b39563256566252503277353743506e41362f617374436538545a79726152594c6e6a52703855336e5844566a75354b7a463435446171706d76423164476468333246614e466830574b672f65367159393431696d36442f4851716d744f37524658777a5062493178746f6542436e707a2b454d375169746f616d676d3575737033774f48306862774f69494d71686e616f6450644456726b4d612b495a3962334c4657336a492f426d66573979785670683844504c3541745a2f724c4a57732f31696e4d49484d4951686470355949516841436f51684961484d3959647173316836626578566d6573465972505862324b5835493058697944564739496c33716942775432714d61715271686c496d5972634c626b4b70487172394b4c7543776d365231346c625051507564696a70354b6d61735a64726d434d64472f5766494c73354d4e775372767a45346a4a3341323968584c636d4d4871333446485578526b6956376e416a714e7663744a314457734f644f2f743256354535667037486f36453361644632546b73446378564e78324b724a795a71523672326c4d616136483152493233433673523476694557543237592f4f616f3142706b766853666746597a635046565a4d4b716d61733846304c4f554c72576b7076417164754f5562785a385248636e71482b31364f4e6b705a6d61786c56334d634e576e775864757138496d485349437253554f4656487864517748686455704d464c366a6953436d6d2f4264644a79656138586a6b61346453707a636d357863694f34366b3961486166444f637565435557333572576b77575a6d72484475566432475344636e7152535255425965704f32654242436b6451544435684b694e4c4b33514f4356706c433830303669795830566a744462735341544d5475634948535a33684f784e4458554a746c59714d307a6875737032796a365a4855564b31377a394677366b57776f5a5274644535344e79437768584b4a3936714f2b57595657575630634479327a58614175467746516255566a54744d6d6a4a47594e6c44546b4e4356746d566b3763737048443271466775354c55554436715a3952496279794f4c6e466b78414a374c4a6f77325a6f795a4b3466346d337557717175525779307a426179706a45304c574672394c75736f356344784b4d456d6c6334666d45464451596d74624c52315a61305736465372454e4e6874546b616d76686677632b3374543150365a36544a66444a4534746647396847357a53436d374c6a6f44344c62504a696a6c64744d7843665036566955446b6d772b72694478326a2b4b725848364c537a454c586344344a705965425851743549504f6c6544336c53743546546e50307348764b4f3468484d63322f364a515935506f6b727178794b71502f414a462b39423549544e3171416c3345476b354c6d33373265784d4c4f4c53463170354b5437706d6c5250354d3144637565595477755658645161446c646b4a65627575686679637151636778797279594256742f77426e642b726d685a454c517a464d58596d6d4967615837467076776d70596334336a74616f48555537446d31577072307964444b5259654354594b7437456a5057615558347443656f576771466d53627a6175374d5a33574b546d576e51703667306c49734952737132595345307846476f576b71374b545a566e6d736b307839536469306c665a51476a6a374659324276434f61344a324646637336306d77565a356f6a6464484e39566b574c5356533038436b445372664e487454544365434e516153745a4a6d724268344a706949334a32476b324d4d7869576a354f7a693474484e6c6c62555a3338566c566b72716d6f64504b3068306d64754b303848773856394a4a413432596171494f3677546e354b666c524350543477333573594146744d797355344b65337336366e4c427a7763393062364a446267706a446d6b4d5332314935576d5157333243533355466267704a616d555251786d523530614d7648715356744a4e6837673271694d546e43347a42754f71784b4e5375684f45744e6c55447154327463357761317063346b414e414a4a50414b423153342b713044725776796335544d774f72644e5051513152634c4e6b4c514a492b772f7a32716e46315a6c61756a6677336b765434565466664c486d6775466a485333754c2f6e6354314c49787247354d546e767047334a6a426b4768507876474a38616c624e74374d4262304764585831724b4d4a76653635347862647a4f37566f56512f365247354f5a756b32564c7a4a53474968625776527a744e6b6577465a772f44706353726f614f6d413579563167546f427153656f41457149526e6864646a795970475954676c546a315236386a544842666330616e76506b73357a307178714e756d5a664b7571686f594963446f48586770685a782b6d37655432726c72624938315a6e6b6657314d6b3774584f4a5444476542576b467069524f327947794649576453545956325252476b73705333715443414e316b30784e4443322f63746a4135344b695a7547317a512b4f59374d4d74756c4538365750416e637371794343476b673250464433564d714c61646a386477773074572b317470727250362b7456476d4c5a416448596761744e6c30484b656c6c6d7878775943533650615064645947796e6a6c634550504277794e7041414c3943512f724a32314f33514677367330307343514e7362676b6469716b7a4c55794f625a634351304e634f47536c77687a68576b744a42324466324a3370446d443452725a573848666174476c45446f784e45774e4c6862545073536c4b6f376c5934363570706c39754b566a597561644d5a592f6f53414f4867564558306b6a67387863773848566d625433485478554c7941716b3035414f7a6b755a4b7a746d3069664763365a685951357531714d3764764259684b754d725a4933587663622b744a49794770615a494c4d66765a75505a7758546a5469714f4f61317530557956734f31574b5459324f3756615555726a47433433754d6b386932497879334d4243454c72504f42434549415643454a414f6271465972505862324b757a31683271785748706a73557679526f76466c644771524c6f714a48424f6155784b314a6f614c4d5a7a576e526a70425a4448574b316350504f7a7878743165344e3853467a3545364f337033756536386b7171685a79656f61595645584f4e69473077754677546d63753072664c473772647938626361646d546e527436736c636f75554d75485a553249755930664d3269572b476938727550326a756e306a75347339564d51333238453077786e316d4e50637565354e63726d347a492b6b6c747a3062646f4f6132776350742f6e6375694a34447751306a6c635a52644d6966525572383351732f5a554c384c70442b5159726438767453585361514b5576706e7577656a4f744e6273555a77616850354d68615a636b32757371614c317a2b6d63334236646e7150654f39544d6f334d306d6552316c57746f647141527548676c53473579664977525a644b7a75304b4e3946424a36304c54334b78636278346f317a546f6d325a7a7348706e453261576468555473476930323739524331737876535a38455569316b6b765a6876774b492f5276324b764a796461546b4746644a6c39477953773143564437724f546b354e75334d76324b71376b2f4b7733613074374632757a6652426a4231434b4b575a2b7a674b76416179534d7448626d736162434b32456d384c6a6265316573474274744647366b6a6471304875564b30577379504a65626d694e6a747437516e4e717057356251386c36684e6731484d4f6e454d2b705a6c5479536f336d37427339694e58394639364d6a6957314c334e7a62667353383444714c646f585354636b4e676b783250734b70533444504350566545724e464a66544e5a4a7336484c71557a4b6c3764484a4a614b57496d38642b36785663753254596774375562447375747270473532425538654d4f5a7148447675737662415345676a6369684e4a6e5252593959447058566c6d5078484a774335496e65446e78547738364f5270467052313763556f70534d7731796c447157544e7234376e665a6357484137783370776b63334e70497476425330686f4f33455554766e735478544e33624a5844444561754b785a4d346a67374e5478386f71794d353276313558527059744c4f7939476164515042525077326e6b39654a6e67755a484b32725a7247435046537838736e666c4b5a6836675345744c46705a7379594253795873774b704c7955706e6a347344725563664c476d507230377831746464576f2b566c41546d357a6672437946715250364d75626b66486337447946536c354a31444d324f61356464446a654831476b725432454b79326f704a505665307036324b2f77436a7a32586b39577376384354324b704a6874544836304c78334c31486d346e446352327070706f58626771376b68576a79766d484e395a6852364d783238447443395066686c4e4a72473039797153386e364f5438677a75466b2b344f346e6e6e6f42313262395953736f47766462614465316477376b31417a34735062324f554c2b547873656b37395a743064316c7253637a4867457278646a6d4f37302f2b6a315142385866734631737677576f69646c6177346768446157735a367269507175315539795136695976336b4c54306d5754686762486231736c3165323979386a7246314561716476724d62337452726c394870526e663065422b6437456e3947372f414478344b38635365303578744937776e7378566d563245646965755139434b45584a6954574b55744f2f5a4a7a556452674661392b637a43526b4e74747a5a644e5231545a49487662664c6677537776327275646e66696b707975324e78714e484875355059674e42456534684d2b384e654e59347661753732347443624a776441645a504655736a4d744b4f5a77756846446846624e5047786b7263334f3136414678722b74344c7a79737235612b6f4d73684e7447432f7168656d38724c2f6543736454504263324c5a647763776b58486270627634727967437a517572705970747a664a6a3145336f574e6344376c4c716d6979634e563248436265433035724b563864383458676a73502f41495069744837305047684237566f2f632b7759314e4656315572666735484e597738646d392f6137324c7254674554744e6f646938374c4f70486f3432744373344134564c7738457357433163373969474a7a335775514f415864486b34666d76506573764538556d354e766a6f715a6a54553162324176497a4453534d6c6e47636d364e4b54344f447073516f3231577a584e6c6a6833756844584f486353504e612f4b586c66682b49304d47473452464e4454524e617743594270734f4e6956563558594b4b576f645530374e6c6a383374413050454c6b334c75684347524b5279353150464e706d3879454e594767337350464f35713239564d4671775a78537a4d6449482b70736e4d46626a3665496573796550363852536e6357474f704b7a4e324f495454483157576a364e473577614a6d58503073764e574938457170733477782f774256774b7a3170463644444d5630777845626c306e39466354634c696e4e754e386c45376b786962543853302f726848636a394a304d352f6d696a6d72693346624d75425970486d6143527734747356566b6f3669454579306452474f4a6a4e677231574c536447494731574c527a4674772b6b3150575034726961694177314d6b6268597463526d74716b78326f6f67414f626b4441513076316266765762575650706c535a705a5742354146673233765559597a693366423164526b7835494b75536b574a4331574177452b7463646937586b33672b4755484a69544838567059366c387279326e6a6c463232475677446c6d622b43326336566e427050504a683847566f595133616f6e39556e754373347269386337336874425278744f51456344576b64344631536f385767706f7a452b6d32476c3139706a742f59657855376c445a426a63495a45327953736c454c515343626e514b6736736a64713134376c747477733478467a314c4c47396779317352326a6371386e4a6d7662704466734e314d4a5169716c796135566b6b376a775a426c6963505774334b4e7a6d444e7268667156797277717170476263304a6132397232564574484264455846376f354a616b3931754d3269346c784f5a31576c4438537762396b4c50417a334a62456145707956374552656c32556b4951747a6b42434549415643454a445135767242574b7a3178324b757a316832717a566575464c35527048654c4b71564f546b374652486d6c41504477556750636e432f46466c4b413172483843722b48794e6771477953674f613351613571714649315a5364716a6247744c74472f44696b4c33674f4c59326e5568756e6346324f41595068474c4e4c6d343436567a427450686969324342787a76636459586d7a526b74726b375576704d5a705a4747337767423677636a35726879596f70624865737335657a32436a6f4d506f49444654624c51374d753272754a343356794370365269633637786f6670425942725758334875536975614c4f59646c777a47613464526268664a30764f6b62796e633931724a6878427373596531777a3358556f726d6e656a5554327a5135792b39473065355568564d50425045674f6a6b574c545261763168462b4b726837756f3936634a44774b4c46544a7765744c635831413731434a757533616e6259366b4330736c75654b54616478544e734a646f4946512f6137557531316a775565304f4a5362584170696f6c7631494639787955584f48696a6e65495259394c4a72376a6b6a4d645955596c33585475634247377554324a706f6552635a5843594c337a7a54672f72486569322b326141546f516b48636f3373596457685357344a4330616b58514e4f696c4c52775365737746554a3846705a4166677743746c7a626a4a52755a6c5a5130306171624f5a6d354e7847355a634b684c79656543646c2f6946324262726365314d4c4f4a385572614e464e6e457677477062705971413456574d7551322f65753463787439416f33514d643833764365706c7152784a6f71687672776d2f45424170586b5a744949585a4f70576e5251506f6d485667756932577049354a394d34335554344363694c6471367432484e4f6d53676468576569656f646f355a3044326365354d4c622b73416574644d2f43694e4c685150777435316a44757a565057427a77696275396d535178504871754b325834586235746a3171463144497a554733586d715568305a547474756f396c314c465731456671534f485554397175656a472b68545855594f6f42374d6b7251555067783273692b636534323831666935567a4e49327734396f425755366a4133454b4d3070487a726f714c46566e54773872596e5744326a79383166693551307a3838783756773568634e3367675275475976335a4a4f4b4a635638505249385870482f6c576e7456706c56432f52343856356d31306f2f4c4f37484b527454557348526634456f306b76476a3072344e326842556234596e444e6f3846352f46693962456269575478757230484b6571626b39344e76704e53307357682f54716e30555a30616f58596377364c4a6a35556b67625452334657342b55635478366f5036796b4b6b695354436d75335837633141374347416b38323039796e4750775841644734447156695046364f595732396d2f4546425679584a56703655524d4c41335a42334b5a6b62575a4e4238465a457344374672323978536a5931424251683669485a4674336546484d316b635a66364f5a4c664e5962452b355841316e454a316d6b61684d7a625277484b586c46687a384e71714f4b437169715a47374f7849774161692b64317744323749795874324959505131374e6d70703253395a433569732b353968636a69597a4e46314e666b5046646d4c4e434b7267796e427934504e57687a33624c4775635475614c6c614e4c67474e56646e52595058534d4f39734c6866734a43366154376e6b4f30655a72704748383967546f75522b4f307268364669757a626849357133665551725a6d43366556376d7a68644e793262527855744668394c68644e45327a47764c6239707a4a39693157595a797741764a7967706d4865425468337543787163637536416443715a5567626e5342312f77426f4b344f56504b6d6e46717a41475341444d7867352f736b726b6b3764716a62544a6247724654386f324f744a6a394b2f714e46396843787364772b716b3553595250567978545a75615448475741466f4a47524a544a4f586354666c6d43564552336b4f7435685536336c7268465254624e71754b5272672b4e7a6d42327734642b664139524b6c526e647047754e7145725a5a355552733945653533306331355536313131654e63726869564559477768726a71344f7939756135516c646e5334355169375248585a6f354e4b69376f6441396a4b694e387264706a58677562653177446d46366a2f5248414a4769534e745130504149416c336436387467703561756f5a543037444a4a49344e61306231374e46525378775273646d57744150676a71354e4a557a6e365a57326d5a423546344a652b315648396348334a48636a6346334f7142327550324c586453537147536d6e616453754475542b6e6470696a4c2f6f6868494e325655374478322f34492f6f31417a4b50476170765a4d5172376f716762796d576c626d626f376b2f6f61592f437533414a6d6d38654f566e2b2f557777624541334c46366c2f61397039796c5a746b6937627252706757744a4c6570544c4a4c2f774471486f586f7957345a5841374a784756782f4f3244376b6b6d43566a6a6e4c452f36304c54376c72775452696f445845337671556c62584e6a6547746342787a557154624e486a6f776e34425648386c52752f38412b63653556755646524e4867314451374c5778303851613452697a53376551463041784d416249654c373151784e7450694d4c6f336c747a71627261453365357a7978326a79367064306a64564356745933673874444a74673763524f54687537566a45574b3966473034326a793871616c544a714375714b437045734d6a6d33796462654636474b4c4669774f6a72496e74497543573668656330744f2b71713471654d644b5234614f39657574676273324469304e4667417558724b56665472364e79702f446a755566337a696f68485679784f6a6337357262466371573572763862775753736a75367149414e77434679387542544e4f54324647444a485454354b7a3435536c614d69794c46614473496e4734654b6864683837666d4664477550303575334a656a47736b58726e3355364f42334a324f714d4c424e484f317258675a674739783746354942646452357769453469785349474345495341637a316832717a5665754f7a3371737a3167724656363437506570664b4e49654c49516e4a715736436b787754676d4139615546497130534e5572564148676231505476694d72424b35776a4a4730576a4d447155535270467179646d693273437033507132564468614f4c7058346e67726450687546466a5a5974716470306339312f59466475316f44575761426f4175484a6b2f785051783436335a6f2b6d692b562f464b4b332b62724d4438394c71554736354e4a307032585734692b4a2f775a4e6a6e61366439397a745a75494b79706e374a466c415a724b7443596e4936466d4e534d3066667656686e4b535a756f423731796650692b64776c624d654b4f3268576d64704879727436385a37697255664b716d643631783272677565504650465134614f5365496c36543053506c4652762b657032597853764754376468586d34715862314b797149304a4859565062476f7850536d346a5475306c4865564d3272596448676a74586d7a4d516c62704935544d785359664f384d6b744c5175326a3055564c654954784d303632586e724d616e487a33447675706d342f554453532f614555785045643774734f38497333633679346d506c484f446d476e76737263584b56784e6e4d506a644b6d4a346d64586e394c785468746352344c6e3465554d527474457437566569786143515a53447853736c775a70584931736c456c744c716f4b36496a4a344b5531635241756e596c422f43357a7646484f6461706972707a38386436634a597a70495046466930466e61423669692f59664e5169566f48724170647474395572445353485a634c5a64366a6447337352744e4f705153654f534171694d786b3966596f396b4138464f536543626c31333745714c54495331322f4d4a4e6b57336a745568422f6b4a4362626b49615a4535764671545a436b75426d6642424c44754951786b524454774b62734d4f72434f355433614e3473644c704d7546757770554f797361646a75485956432b6947646d58485556657930326b304e4734674a6a545a6c53554d66304330396972506f4163376739713365627a7666774b51776a66596f334b316e4f767043305a42516d44697a775854476b6a31326641714a2b48784f48583169364c4872527a5267696438327959614f4d6a4a793643544368756144324b704a68736a546b4858367769796b307a474e453865713634375647366c64766150426242704a6d6d3541386b313065794c374a42543144324d5231506251456468554c34586a4b2f69746c34747542376c576b4c42717855704d4b4d707a58744f6e6567537662773777726a7a4164784372534749614f506771734162574f5966565036726c4f7a457a7066396f4b6936574f2f724a765052614171744e697332347353414931376e4b3548696c74486e395a63783651304863705936384e4e7265436834777448575234724a6231736c595a6968336871354e6c63783356337177797441304a5561574f6b7a7152696262667754546967344e4b3572373443326f384645367547394369786155645137454933444e6753737234676257584c437562764c68324a52584e2b6d6578505178556a723256735473394f3950394e6934674c6b573469316d6a696b4f4a2f6e684c51476c48584f71594a4d6e745938666e41487a57645859566739624534535964546c78304961476b643457443939632f5842546a697a397a676d6f74626f576850596f565049656763346d4e3873642b4437323856526b3542672f46567a68395a6c31765456306f702b63446866677331324f7a7434477936495a7376706b793666477432696848794a723665546e4b6645496d76487a756b772b7857323464797070414f6178626274755a504a2f7a4142492f6c4657614e415552783676344e38466f35354a63305a7248696a775768586373495079706b2b747a62764e4b6555584b6c6d5434347965754a70386c534f50316d3972536a372b76507278472f55564e532f384153696d6f2f57576a796e355261476d69502b563968555a35533436546e54782f376f714d59327a35334f44747a557a4d6367507a2f467154582f73516b76384133445738714d58616336654c2f646e375661707556654a54534e696c676a445847317730706f786542333048646f553056644335376252747666636f6b31586961516937354c6b6b387a5868784468774956656156736a747151764a346b4b617378434e7041395779712f664346327061653159712b614f75622f7361584d347552746a693550394c674f38494656442b62627356626d546f676e676971597a47386b744f6f49757371626b764449535933756266765734616d6e49767374554d6b385673736c70444a4f50426c50484357374d656c3550565748314c616d6d6d416533516d4d487a576f4b374859786e4a472f724d5939795936706239492b4b6a6456624a7965516531584b63702b526e48484748695356574b59747a50776b555a48485a49574c4a69315548644f427669563044612f6170396c783273743678366f785065627348676a47307555504974725449426a64694e716e5063564f7a474b5233786b4a486131556e78523330544f6159442f414157376a462b6a44564a657a714f58747a7964417638416c322b39592f334d59495a75554e524855524d6c59366c6343313762673363315363717a66434c587638493333706e334e4862484b4759332f77426d643568656b654e5778533562344c533456796a6d676f59334d674d625a4e6e554d7675374c2b613530776e5a4c6d6d397456366658593353595a792f6c6a78457439447136526b637063336141497a4249396e6573666c3579656f4d4c45474a346273696c716d754777303361485a5a6a71494f6e556b793470506b344e435649714d687a5057486170367a31783371426e724474566d724633447355766c476b562b57566239614c3961585a533743646970695851436c3245344d435155784c70375857794f6851474250444170624e46466c7967784761696b4262306f7a7177373130744c57525655664f526e4c6544714679625742615746754d64514d38694c466375614d5876374f33444b53326642306258432b716e626f7162585a38564f313257525841306436597377466c52636246585a4464716f76476175424d6868636b326b484a4d4975744343546150464f323831436c326b554b7959505477395677354b48464b6832576d7a454b52737756506154673953305570463450346c4f4468624e556d79573055676b76726b70614c5569324f712f69704776335849564d504f347156737034714769307a51696b4f35774b734e6b49366c6e4d6b4f384171555457466753466e52646c347a75487a6a334641713542704b3864366f6d592f5343546e5864534e49746a54625754613838537047316b33307765355a496c4f716532644a784459326d59684b426d416539536a465a423830416471785731484458745478555833585536517047327a466e37324478556f786c782b61523372423538486350424b4a757370304c536a66474c6b443579426a44754a37316943624c49673969424944706e376b7144536a642b2f446878376b33372b7362363550374b7769346a2b435936573473633078614564434f554e4e7663504779507638413032363537434679306a57754367633279725459614564694d65706a7737386b763338694f6a57323756784a6339756a796d6d706c6231703642615564323347496a717a327151597441643175725663434b392f59704734695272634a61474c5245377637355535334e48656e4376674f6d7a34726832596b6531544d784c7537306e466a3049375156556268635774314a44564e4764696535636e4869492b6b7255654b6e4962666970706930472f36613061744e754b613675626252336773707549427773584876547a4d787731556a306c6d58455951547550597173754a775a35464d654c2f4f6352777571736b4f3171474874623969657853564379596a544f2f774443717931744b645143564650544d4a3955396f4e31546b6f637569384474466c6f6c45475379564e4951624d736531564a4a6f4861585562364b646f39554f48454b724a42493239324f3769745978524c624a5a44456443423271467a42383071467a584e33754861457a62494b305349624a5330704d2b50745464744b446456514b687a5850482f414a556f6d63502f41436f326a7248656c3254625253364b736b4e544a394971463958494e36527750596f487464327070496c746a7a5750767554685675342b31565333504d4a75796235465870544d39624c777148485133536d655467664655326c77317a556f6431454a6153314d6d4d2f454a7a5a6863485256693438536745386659706353307a6245334f5966595a354c6e356e4f4568754e36324b4e344e4d35704b6f314c42746d317646546a2f4c5a746c5771434b625a4f35534e63436d624f6535534d59547643326252794a4d6b4674357633703279306a55704254794558414237436d4f62493355454b6254473031364a5243776e3168667354785174663839717163343848564f465538415a6f61666f536b765a655a686253636930396856326e77336d79484463736d4f766b6262705a64717478346e4a61323137566e4f4d364e6f53676a56716156386879334b6d6147572b6a653971522b49794144703376775466766b34617550657331475352724f55574f394465506d744b51307a7750693034596b4f6f39796b6269455a7a4c52346f2f526e614b706766394135646169665479573049576d4b754277336a76543971423439613361685361436b7a464e504b4f4b42453766593979327854784f306550464b61494f30493855336b466f4d6c73665249754233575661536c6353624662336f4a41794950657130744534485379464f67634e6a4364537944524d4e504a663751746c30446d36335064644d4d462f6d2b433037686d38646d567969503957612f6c423731583545346e42686e4b426a366d5552517a4d4d5470446f793972453957537a71346e6d4f384c5043396b2b6652375a565954674d465563667235344a58694d42723375425930443649336c63447931355278343047525572584e7059586e5a4c73746f6e666275433556684a79766c775539566c4247336a6d6f62334e497238746c4e43454b6a49566e7244745675707a654f7856472b7346627150584859706c796a58487779454e533254676c466a716b576f6a646c4b416e57345a6f4153624b53414250415141704774554e6d6951357256636f2b6a4b43717a4172564f4f6b466a4e3748524247737831674d314d79553856586a485247616c4158477a72524b3653375657652b3530556a67624b46317755304b516c30694c6f746457534e516c495345494a6f456f4b524b454251344a62704e4e456f51554f42536878546264614c4a44736d6136796c5a4944725a564c75556a5848654c4b576930792b787a542f4253353279634f39554776366b376e58626e65785a30615754534567356852383835526d5a34314630686d42395a716443736d624d5471464932586a64566470684f70527445484a794b4379384a622f4f55676b767657634a6e41715274535272644a78476d6149662b64334a3232654b7a323152333571567455303674554e4d704e4635726a62497152722b5073564956444e39776e656c4d487a6b7159576937743739657a564263486343716e70494f38494e533366667453706a4a58374a76593255546d6b4449684e353848513348473261627a673432564a4d427277622b716f6970544934627270706c61636933507254706949584162776d46674f685535413341714d7447756667714a324972456461634a434e3975314b6266794578784674516e79496b4570436b62556b4856557952754b62747533416f30685a717831726862507856686c65516543772b65634e626a745432314e7462684a774455644133454e7265705257413675425741796f7570425031714845717a62352b4e77304359537832395a516e4f34707771434e35376b7449374c736b513159516f585275743068634b4d56424a7353504a4f35313176665a464e425a472b46683141377771386c437832657a2b795664624a66516739756164305362755a62734b61625171526a766f673352783743464336427a6478376c756d4b4e3574636b48324a727142687a61346a74564c4953346d474e6f612b31504247684242576f614c6a6274544452666d2b43725567534b426266505652756a7671466f4769734d72673959544454534e344a7153436a4f4d51756b356763466f6d484c70416a744630336d42754867553959744b4b484d57337052433462764258544534614878435670743630642b78476f4646465152376942344a77706d6e694f74586d4f674f54675170577367634d69706332556b515530577730324e77565871616537795463725562417a35726b4f67766b51436f5574374e4772564741366b3445706f707047365857342b6b473448734954525457763065384c5875474c675a4c47797334715a726e6e4a77326c704e6849414e396549556770334f462b61613448654d6c4c6e2f51306a4c39476a6c31477956464a687a774c747a57344b6250346f7065614179637833676c3347754275435a7a4c3653554851706f676b4276737543366a306546325241377767346245345a5842366c537a665348694f61496473372b31526e61766b756e666862434e6271744a684c547075366b316c694a3432632b532f6864416337675174682b4657334b46324875626f72376b57526f6b5a375876307566465045736f30633464367375705844356f50596f335157314248616e6159564a4373724a6d66505065466268784f5675746971664e57333236696c61776771576f6c70733132347030656b6d6e455979565149446d325664384e7a30624b46434a54624e583075453670776c703348556553775852794e304a48656f7a4c4d7a65713753664250636f2f396b3d0a0a, 'MArtinez');

-- --------------------------------------------------------

--
-- Estructura de tabla para la tabla `grupos`
--

CREATE TABLE `grupos` (
  `id_grupo` int(11) NOT NULL,
  `nombre_grupo` varchar(100) NOT NULL,
  `nivel` varchar(100) NOT NULL,
  `grado` varchar(32) NOT NULL,
  `tutor` int(11) NOT NULL
) ENGINE=InnoDB DEFAULT CHARSET=utf8mb4;

--
-- Volcado de datos para la tabla `grupos`
--

INSERT INTO `grupos` (`id_grupo`, `nombre_grupo`, `nivel`, `grado`, `tutor`) VALUES
(1, 'A', 'Secundaria', '1', 1),
(2, 'A', 'Primaria', '1', 1),
(3, 'A', 'Primaria', '1', 1),
(5, 'Zebras', 'Preescolar', '2', 2),
(6, 'C', 'Secundaria', '1', 1);

-- --------------------------------------------------------

--
-- Estructura Stand-in para la vista `lista1`
-- (Véase abajo para la vista actual)
--
CREATE TABLE `lista1` (
`id_alumnos` int(11)
,`matricula` varchar(10)
,`nombre_alumno` varchar(302)
,`id_materias` int(11)
,`nombre_materia` varchar(100)
,`fk_id_docente` int(11)
,`id_grupo` int(11)
,`nombre_grupo` varchar(100)
,`nivel` varchar(100)
,`grado` varchar(32)
,`tutor` int(11)
);

-- --------------------------------------------------------

--
-- Estructura de tabla para la tabla `materias`
--

CREATE TABLE `materias` (
  `id_materias` int(11) NOT NULL,
  `nombre_materia` varchar(100) NOT NULL,
  `fk_id_docente` int(11) NOT NULL,
  `fk_id_grupo` int(11) NOT NULL
) ENGINE=InnoDB DEFAULT CHARSET=utf8mb4;

--
-- Volcado de datos para la tabla `materias`
--

INSERT INTO `materias` (`id_materias`, `nombre_materia`, `fk_id_docente`, `fk_id_grupo`) VALUES
(1, 'Español', 1, 1),
(3, 'Inglés V', 2, 1),
(4, 'Lectura', 6, 5),
(5, 'Inglés I', 1, 6),
(6, 'Geografía', 1, 6),
(7, 'Matematicas I', 7, 6),
(8, 'Ingles', 7, 5);

-- --------------------------------------------------------

--
-- Estructura de tabla para la tabla `rubros`
--

CREATE TABLE `rubros` (
  `id_rubro` int(11) NOT NULL,
  `nombre_rubro` varchar(100) NOT NULL,
  `valor` int(11) NOT NULL,
  `cal_final` float NOT NULL,
  `fk_id_materia` int(11) NOT NULL,
  `fk_id_alumno` int(11) NOT NULL,
  `bloque` varchar(100) NOT NULL
) ENGINE=InnoDB DEFAULT CHARSET=utf8mb4;

--
-- Volcado de datos para la tabla `rubros`
--

INSERT INTO `rubros` (`id_rubro`, `nombre_rubro`, `valor`, `cal_final`, `fk_id_materia`, `fk_id_alumno`, `bloque`) VALUES
(1, 'Examen', 50, 9.5, 5, 10, '1'),
(2, 'Examen', 50, 7, 5, 11, '1'),
(3, 'Tareas', 50, 2, 5, 10, '1'),
(4, 'Examen', 50, 6, 5, 10, '2'),
(5, 'Examen', 50, 8, 5, 11, '2'),
(6, 'Examen', 50, 3, 5, 10, '3'),
(7, 'Examen', 50, 9, 5, 11, '3'),
(8, 'Tareas', 50, 7, 5, 11, '1'),
(9, 'Tareas', 50, 7, 5, 10, '2'),
(10, 'Tareas', 50, 5, 5, 11, '2'),
(11, 'Tareas', 50, 9, 5, 10, '3'),
(12, 'Tareas', 50, 5, 5, 11, '3'),
(13, 'Participación', 30, 10, 1, 1, '1'),
(14, 'Participación', 30, 0, 1, 2, '1'),
(15, 'Examen', 50, 7, 1, 1, '1'),
(16, 'Tarea', 20, 4, 1, 1, '1'),
(17, 'Participación', 30, 0, 1, 3, '1'),
(18, 'Examen', 50, 0, 1, 2, '1'),
(19, 'Tarea', 20, 0, 1, 2, '1'),
(20, 'Participación', 30, 0, 1, 4, '1'),
(21, 'Examen', 50, 0, 1, 3, '1'),
(22, 'Tarea', 20, 0, 1, 3, '1'),
(23, 'Participación', 30, 0, 1, 5, '1'),
(24, 'Examen', 50, 0, 1, 4, '1'),
(25, 'Tarea', 20, 0, 1, 4, '1'),
(26, 'Participación', 30, 0, 1, 6, '1'),
(27, 'Examen', 50, 0, 1, 5, '1'),
(28, 'Tarea', 20, 0, 1, 5, '1'),
(29, 'Participación', 30, 0, 1, 1, '2'),
(30, 'Examen', 50, 0, 1, 6, '1'),
(31, 'Tarea', 20, 0, 1, 6, '1'),
(32, 'Participación', 30, 0, 1, 2, '2'),
(33, 'Examen', 50, 10, 1, 1, '2'),
(34, 'Tarea', 20, 10, 1, 1, '2'),
(35, 'Participación', 30, 0, 1, 3, '2'),
(36, 'Examen', 50, 0, 1, 2, '2'),
(37, 'Tarea', 20, 0, 1, 2, '2'),
(38, 'Participación', 30, 0, 1, 4, '2'),
(39, 'Examen', 50, 0, 1, 3, '2'),
(40, 'Tarea', 20, 0, 1, 3, '2'),
(41, 'Participación', 30, 0, 1, 5, '2'),
(42, 'Examen', 50, 0, 1, 4, '2'),
(43, 'Tarea', 20, 0, 1, 4, '2'),
(44, 'Participación', 30, 0, 1, 6, '2'),
(45, 'Examen', 50, 0, 1, 5, '2'),
(46, 'Tarea', 20, 0, 1, 5, '2'),
(47, 'Participación', 30, 4, 1, 1, '3'),
(48, 'Examen', 50, 0, 1, 6, '2'),
(49, 'Participación', 30, 0, 1, 2, '3'),
(50, 'Examen', 50, 5, 1, 1, '3'),
(51, 'Participación', 30, 0, 1, 3, '3'),
(52, 'Examen', 50, 0, 1, 2, '3'),
(53, 'Participación', 30, 0, 1, 4, '3'),
(54, 'Examen', 50, 0, 1, 3, '3'),
(55, 'Tarea', 20, 0, 1, 6, '2'),
(56, 'Participación', 30, 0, 1, 5, '3'),
(57, 'Examen', 50, 0, 1, 4, '3'),
(58, 'Participación', 30, 0, 1, 6, '3'),
(59, 'Examen', 50, 0, 1, 5, '3'),
(60, 'Examen', 50, 0, 1, 6, '3'),
(61, 'Tarea', 20, 6, 1, 1, '3'),
(62, 'Tarea', 20, 0, 1, 2, '3'),
(63, 'Tarea', 20, 0, 1, 3, '3'),
(64, 'Tarea', 20, 0, 1, 4, '3'),
(65, 'Tarea', 20, 0, 1, 5, '3'),
(66, 'Tarea', 20, 0, 1, 6, '3'),
(67, 'Tarea', 40, 6, 6, 10, '1'),
(68, 'examen', 60, 10, 6, 10, '1'),
(69, 'Tarea', 40, 0, 6, 11, '1'),
(70, 'examen', 60, 0, 6, 11, '1'),
(71, 'Tarea', 40, 5, 6, 10, '2'),
(72, 'Tarea', 40, 0, 6, 11, '2'),
(73, 'examen', 60, 5, 6, 10, '2'),
(74, 'Tarea', 40, 0, 6, 10, '3'),
(75, 'examen', 60, 0, 6, 11, '2'),
(76, 'Tarea', 40, 0, 6, 11, '3'),
(77, 'examen', 60, 0, 6, 10, '3'),
(78, 'examen', 60, 0, 6, 11, '3'),
(79, 'Tarea', 20, 0, 7, 10, '1'),
(80, 'Trabajos', 40, 0, 7, 10, '1'),
(81, 'Examen', 40, 0, 7, 10, '1'),
(82, 'Tarea', 20, 0, 7, 11, '1'),
(83, 'Trabajos', 40, 0, 7, 11, '1'),
(84, 'Examen', 40, 0, 7, 11, '1'),
(85, 'Trabajos', 40, 0, 7, 10, '2'),
(86, 'Tarea', 20, 0, 7, 10, '2'),
(87, 'Examen', 40, 0, 7, 10, '2'),
(88, 'Trabajos', 40, 0, 7, 11, '2'),
(89, 'Tarea', 20, 0, 7, 11, '2'),
(90, 'Examen', 40, 0, 7, 11, '2'),
(91, 'Trabajos', 40, 0, 7, 10, '3'),
(92, 'Examen', 40, 0, 7, 10, '3'),
(93, 'Tarea', 20, 0, 7, 10, '3'),
(94, 'Tarea', 20, 0, 7, 11, '3'),
(95, 'Trabajos', 40, 0, 7, 11, '3'),
(96, 'Examen', 40, 0, 7, 11, '3'),
(97, 'examen', 40, 0, 8, 7, '1'),
(98, 'Trabajo', 20, 0, 8, 7, '1'),
(99, 'Tarea', 40, 0, 8, 7, '1'),
(100, 'examen', 40, 0, 8, 8, '1'),
(101, 'Trabajo', 20, 0, 8, 8, '1'),
(102, 'Tarea', 40, 0, 8, 8, '1'),
(103, 'Trabajo', 20, 0, 8, 9, '1'),
(104, 'Tarea', 40, 0, 8, 9, '1'),
(105, 'examen', 40, 0, 8, 9, '1'),
(106, 'Trabajo', 20, 0, 8, 7, '2'),
(107, 'Tarea', 40, 0, 8, 7, '2'),
(108, 'examen', 40, 0, 8, 7, '2'),
(109, 'Trabajo', 20, 0, 8, 8, '2'),
(110, 'Tarea', 40, 0, 8, 8, '2'),
(111, 'examen', 40, 0, 8, 8, '2'),
(112, 'Trabajo', 20, 0, 8, 9, '2'),
(113, 'Tarea', 40, 0, 8, 9, '2'),
(114, 'examen', 40, 0, 8, 9, '2'),
(115, 'Tarea', 40, 0, 8, 7, '3'),
(116, 'examen', 40, 0, 8, 7, '3'),
(117, 'Trabajo', 20, 0, 8, 7, '3'),
(118, 'Tarea', 40, 0, 8, 8, '3'),
(119, 'Trabajo', 20, 0, 8, 8, '3'),
(120, 'Tarea', 40, 0, 8, 9, '3'),
(121, 'Trabajo', 20, 0, 8, 9, '3'),
(122, 'examen', 40, 0, 8, 8, '3'),
(123, 'examen', 40, 0, 8, 9, '3');

-- --------------------------------------------------------

--
-- Estructura para la vista `lista1`
--
DROP TABLE IF EXISTS `lista1`;

CREATE ALGORITHM=UNDEFINED DEFINER=`root`@`localhost` SQL SECURITY DEFINER VIEW `lista1`  AS SELECT `alumnos`.`id_alumnos` AS `id_alumnos`, `alumnos`.`matricula` AS `matricula`, concat(`alumnos`.`nombre`,' ',`alumnos`.`apellido_p`,' ',`alumnos`.`apellido_m`) AS `nombre_alumno`, `materias`.`id_materias` AS `id_materias`, `materias`.`nombre_materia` AS `nombre_materia`, `materias`.`fk_id_docente` AS `fk_id_docente`, `grupos`.`id_grupo` AS `id_grupo`, `grupos`.`nombre_grupo` AS `nombre_grupo`, `grupos`.`nivel` AS `nivel`, `grupos`.`grado` AS `grado`, `grupos`.`tutor` AS `tutor` FROM ((`alumnos` join `grupos` on(`grupos`.`id_grupo` = `alumnos`.`fk_id_grupo`)) join `materias` on(`materias`.`fk_id_grupo` = `grupos`.`id_grupo`))  ;

--
-- Índices para tablas volcadas
--

--
-- Indices de la tabla `administrador`
--
ALTER TABLE `administrador`
  ADD PRIMARY KEY (`id_admin`);

--
-- Indices de la tabla `alumnos`
--
ALTER TABLE `alumnos`
  ADD PRIMARY KEY (`id_alumnos`),
  ADD KEY `fk_id_grupo` (`fk_id_grupo`);

--
-- Indices de la tabla `calificaciones`
--
ALTER TABLE `calificaciones`
  ADD PRIMARY KEY (`id_calificacion`),
  ADD KEY `fk_id_alumno` (`fk_id_alumno`),
  ADD KEY `fk_id_docente` (`fk_id_docente`),
  ADD KEY `fk_id_materia` (`fk_id_materia`);

--
-- Indices de la tabla `docentes`
--
ALTER TABLE `docentes`
  ADD PRIMARY KEY (`id_docente`);

--
-- Indices de la tabla `grupos`
--
ALTER TABLE `grupos`
  ADD PRIMARY KEY (`id_grupo`),
  ADD KEY `tutor` (`tutor`);

--
-- Indices de la tabla `materias`
--
ALTER TABLE `materias`
  ADD PRIMARY KEY (`id_materias`),
  ADD KEY `fk_id_docente` (`fk_id_docente`),
  ADD KEY `fk_id_grupo` (`fk_id_grupo`);

--
-- Indices de la tabla `rubros`
--
ALTER TABLE `rubros`
  ADD PRIMARY KEY (`id_rubro`),
  ADD KEY `fk_id_materia` (`fk_id_materia`),
  ADD KEY `fk_id_alumno` (`fk_id_alumno`);

--
-- AUTO_INCREMENT de las tablas volcadas
--

--
-- AUTO_INCREMENT de la tabla `administrador`
--
ALTER TABLE `administrador`
  MODIFY `id_admin` int(11) NOT NULL AUTO_INCREMENT, AUTO_INCREMENT=2;

--
-- AUTO_INCREMENT de la tabla `alumnos`
--
ALTER TABLE `alumnos`
  MODIFY `id_alumnos` int(11) NOT NULL AUTO_INCREMENT, AUTO_INCREMENT=12;

--
-- AUTO_INCREMENT de la tabla `calificaciones`
--
ALTER TABLE `calificaciones`
  MODIFY `id_calificacion` int(11) NOT NULL AUTO_INCREMENT, AUTO_INCREMENT=12;

--
-- AUTO_INCREMENT de la tabla `docentes`
--
ALTER TABLE `docentes`
  MODIFY `id_docente` int(11) NOT NULL AUTO_INCREMENT, AUTO_INCREMENT=8;

--
-- AUTO_INCREMENT de la tabla `grupos`
--
ALTER TABLE `grupos`
  MODIFY `id_grupo` int(11) NOT NULL AUTO_INCREMENT, AUTO_INCREMENT=7;

--
-- AUTO_INCREMENT de la tabla `materias`
--
ALTER TABLE `materias`
  MODIFY `id_materias` int(11) NOT NULL AUTO_INCREMENT, AUTO_INCREMENT=9;

--
-- AUTO_INCREMENT de la tabla `rubros`
--
ALTER TABLE `rubros`
  MODIFY `id_rubro` int(11) NOT NULL AUTO_INCREMENT, AUTO_INCREMENT=124;

--
-- Restricciones para tablas volcadas
--

--
-- Filtros para la tabla `alumnos`
--
ALTER TABLE `alumnos`
  ADD CONSTRAINT `alumnos_ibfk_1` FOREIGN KEY (`fk_id_grupo`) REFERENCES `grupos` (`id_grupo`);

--
-- Filtros para la tabla `calificaciones`
--
ALTER TABLE `calificaciones`
  ADD CONSTRAINT `calificaciones_ibfk_1` FOREIGN KEY (`fk_id_alumno`) REFERENCES `alumnos` (`id_alumnos`),
  ADD CONSTRAINT `calificaciones_ibfk_2` FOREIGN KEY (`fk_id_docente`) REFERENCES `docentes` (`id_docente`),
  ADD CONSTRAINT `calificaciones_ibfk_3` FOREIGN KEY (`fk_id_materia`) REFERENCES `materias` (`id_materias`);

--
-- Filtros para la tabla `grupos`
--
ALTER TABLE `grupos`
  ADD CONSTRAINT `grupos_ibfk_1` FOREIGN KEY (`tutor`) REFERENCES `docentes` (`id_docente`);

--
-- Filtros para la tabla `materias`
--
ALTER TABLE `materias`
  ADD CONSTRAINT `materias_ibfk_1` FOREIGN KEY (`fk_id_docente`) REFERENCES `docentes` (`id_docente`),
  ADD CONSTRAINT `materias_ibfk_2` FOREIGN KEY (`fk_id_grupo`) REFERENCES `grupos` (`id_grupo`);

--
-- Filtros para la tabla `rubros`
--
ALTER TABLE `rubros`
  ADD CONSTRAINT `fk_id_alumno` FOREIGN KEY (`fk_id_alumno`) REFERENCES `alumnos` (`id_alumnos`),
  ADD CONSTRAINT `fk_id_materia` FOREIGN KEY (`fk_id_materia`) REFERENCES `materias` (`id_materias`);
COMMIT;

/*!40101 SET CHARACTER_SET_CLIENT=@OLD_CHARACTER_SET_CLIENT */;
/*!40101 SET CHARACTER_SET_RESULTS=@OLD_CHARACTER_SET_RESULTS */;
/*!40101 SET COLLATION_CONNECTION=@OLD_COLLATION_CONNECTION */;
